"Unit_quarter","Achromadora","Acrobeles","Acrobeloides","Acrolobus","Alaimus","Allodorylaimus","Amphidelus","Anaplectus","Anatonchus","Aphelenchoides","Aphelenchus","Aporcelaimellus","Aporcelaimus","Aulolaimus","Axonchium","Basiria","Bastiania","Bitylenchus","Boleodorus","Campydora","Cephalenchus","Cephalobus","Cervidellus","Chiloplacus","Chrysonema","Clarkus","Coomansus","Coslenchus","Criconema","Criconemoides","Cylindrolaimus","Desmoscolex","Diphtherophora","Discolaimium","Discolaimus","Ditylenchus","Dorydorella","Dorylaimellus","Dorylaimoides","Ecphyadophora","Ecumenicus","Enchodelus","Epidorylaimus","Eucephalobus","Eudorylaimus","Eumonhystera","Filenchus","Geocenamus","Granonchulus","Helicotylenchus","Hemicriconemoides","Hemicycliophora","Heterocephalobus","Hoplotylus","Labronema","Laimydorus","Lelenchus","Longidorella","Longidorus","Malenchus","Meloidogyne","Merlinius","Mesocriconema","Mesodorylaimus","Mesorhabditis","Miconchus","Microdorylaimus","Microlaimus","Miculenchus","Monhystera","Mononchus","Mylonchulus","Neopsilenchus","Nygolaimus","Oxydirus","Panagrolaimus","Paramphidelus","Paratrichodorus","Paratrophurus","Paratylenchus","Paraxonchium","Pelodera","Plectus","Pratylenchus","Prionchulus","Prismatolaimus","Prodesmodora","Prodorylaimus","Protorhabditis","Psilenchus","Pungentus","Rhabditis","Rhabditophanes","Rhabdolaimus","Rotylenchulus","Rotylenchus","Sectonema","Thonus","Thornia","Trichodorus","Tripyla","Tylencholaimellus","Tylencholaimus","Tylenchorhynchus","Tylenchus","Tylocephalus","Tylolaimophorus","Xiphinema","Zygotylenchus","Symphyla","Acaridae","Arrhopalitidae","Astegistidae","Autognethidae","Blattisociidae","Brachychthoniidae","Ceratozetidae","Entomobryidae_large","Entomobryidae_medium","Euphthiracaridae","Eupodidae","Gamasina_juv","Hypochthoniidae","Hypogastruridae","Isotomidae_large","Isotomidae_medium","Isotomidae_small","Katiannidae","Laelapidae","Macrochelidae","Neelidae","Onychiuridae","Oppiidae","Oribatida_juv","Oribatulidae","Parasitidae","Pauropoda","Penthaleidae","Prostigmata_juv_undet","Protoribatidae","Protura","Pygmephoridae","Rhagidiidae","Rhodacaridae","Scheloribatidae","Scutacaridae","Sminthurididae","Stigmaeidae","Tectocepheidae","Tullbergiidae","Tydaeidae","Veigaiidae","Aphididae","Blaniulidae_large","Blaniulidae_small","Campodeidae","Chironomidae_ad","Coccidae","Curculionidae_ad","Elateridae_larva","Ferussaciidae","Geophilidae","Julidae","Linyphiidae_ad","Linyphiidae_juv","Lithobiidae_large","Lithobiidae_small","Nematocera_larva","Polydesmidae_large","Polydesmidae_small","Schendylidae","Staphylinidae_ad","Valloniidae"
"U10qA",0,0,0,0,0,1493.04615384615,0,0,0,0,1493.04615384615,0,1493.04615384615,0,0,0,0,0,0,0,0,4479.13846153846,0,0,0,2986.09230769231,0,0,0,0,0,0,0,0,0,2986.09230769231,0,0,0,0,0,0,0,0,1493.04615384615,0,0,0,0,4479.13846153846,0,0,0,0,0,0,0,0,0,0,0,5972.18461538462,0,1493.04615384615,0,0,0,1493.04615384615,0,0,0,2986.09230769231,0,0,0,0,0,0,0,1493.04615384615,0,0,1493.04615384615,7465.23076923077,1493.04615384615,0,4479.13846153846,0,0,7465.23076923077,0,0,0,0,1493.04615384615,0,0,0,1493.04615384615,0,0,0,1493.04615384615,0,0,0,1493.04615384615,0,0,0,0,0,0,300,0,0,0,625,625,0,0,0,300,0,250,1250,0,0,0,0,0,125,600,100,0,0,0,0,100,0,0,0,0,0,0,0,125,0,0,0,0,0,0,0,0,0,0,0,0,0,0,0,0,0,0,0,0,0,0,11.1111111111111,0,11.1111111111111,0
"U10qB",0,0,0,0,0,0,0,0,0,1538.40206185567,3076.80412371134,1538.40206185567,0,0,0,0,0,0,0,0,0,0,0,0,0,1538.40206185567,0,0,0,1538.40206185567,0,0,4615.20618556701,0,0,0,0,0,0,0,1538.40206185567,0,0,0,3076.80412371134,0,0,0,0,6153.60824742268,0,0,0,0,0,0,0,0,0,0,0,4615.20618556701,0,0,0,0,7692.01030927835,0,1538.40206185567,0,0,0,0,0,0,0,0,0,0,0,0,0,0,13845.618556701,0,0,0,0,0,9230.41237113402,0,0,0,0,0,0,0,0,1538.40206185567,0,0,0,1538.40206185567,0,0,0,0,0,0,0,110.909090909091,0,0,3770.90909090909,0,110.909090909091,0,0,113.04347826087,0,0,0,110.909090909091,0,565.217391304348,904.347826086956,678.260869565217,0,332.727272727273,0,0,0,221.818181818182,0,0,0,0,0,110.909090909091,0,0,0,0,332.727272727273,0,998.181818181818,0,0,0,339.130434782609,0,0,0,0,0,0,11.1111111111111,0,0,0,0,0,0,0,0,0,0,0,0,11.1111111111111,0,0,0
"U10qC",0,0,1230.17824216349,0,1230.17824216349,0,0,0,0,0,0,0,2460.35648432698,0,0,0,0,0,2460.35648432698,0,0,2460.35648432698,0,3690.53472649047,0,1230.17824216349,0,0,0,0,0,0,4920.71296865396,0,0,0,0,0,0,0,3690.53472649047,0,0,0,3690.53472649047,0,0,0,0,0,0,0,3690.53472649047,0,0,0,0,0,0,0,9841.42593730793,0,0,0,0,0,0,0,0,0,0,0,0,0,0,0,1230.17824216349,0,0,3690.53472649047,0,0,2460.35648432698,2460.35648432698,0,0,2460.35648432698,12301.7824216349,0,0,2460.35648432698,1230.17824216349,0,0,0,0,0,0,0,0,0,0,25833.7430854333,0,0,0,1230.17824216349,0,0,0,0,0,0,0,0,0,0,0,0,0,0,0,0,0,620.689655172414,1986.20689655172,993.103448275862,0,0,127.272727272727,0,0,254.545454545455,509.090909090909,0,0,0,0,254.545454545455,0,0,0,0,254.545454545455,0,0,0,0,0,0,0,0,0,0,0,0,0,0,0,22.2222222222222,0,0,0,0,0,0,0,55.5555555555556,0,0,0,33.3333333333333,33.3333333333333
"U10qD",0,0,2289.58938525555,0,0,0,0,2289.58938525555,0,2289.58938525555,2289.58938525555,2289.58938525555,0,2289.58938525555,0,0,0,0,0,0,0,2289.58938525555,0,0,0,2289.58938525555,0,0,2289.58938525555,0,0,0,6868.76815576666,9158.35754102221,0,0,0,0,0,0,0,0,0,0,2289.58938525555,0,0,0,0,2289.58938525555,0,0,0,0,0,0,0,0,0,0,9158.35754102221,2289.58938525555,0,0,0,0,0,0,0,0,0,0,0,0,0,0,0,0,0,4579.17877051111,0,0,0,2289.58938525555,0,0,0,2289.58938525555,0,0,0,0,0,0,0,0,0,2289.58938525555,4579.17877051111,2289.58938525555,0,0,34343.8407788333,0,0,0,2289.58938525555,0,0,0,0,0,0,0,0,0,0,0,0,0,0,0,0,0,600,700,100,0,0,0,0,0,0,100,0,0,0,0,0,0,0,100,0,200,0,0,0,0,0,0,0,0,0,0,0,0,0,0,0,0,0,0,0,0,0,11.1111111111111,0,11.1111111111111,0,0,11.1111111111111,0,0
"U11qA",0,0,0,0,0,0,0,0,6501.7679558011,0,3250.88397790055,0,0,0,0,0,0,0,0,0,0,0,0,0,0,26007.0718232044,0,3250.88397790055,0,0,0,0,3250.88397790055,0,0,0,0,0,0,0,0,0,0,0,3250.88397790055,0,0,0,0,143038.895027624,0,0,0,0,0,0,0,0,0,0,0,0,0,0,0,0,3250.88397790055,0,0,0,0,6501.7679558011,0,0,0,0,0,0,0,0,6501.7679558011,0,0,0,0,0,0,0,0,6501.7679558011,0,0,0,0,0,19505.3038674033,3250.88397790055,0,6501.7679558011,0,0,3250.88397790055,16254.4198895028,0,0,0,0,0,0,0,0,0,0,0,0,0,0,0,0,0,0,0,680,0,209.523809523809,1571.42857142857,104.761904761905,0,0,0,0,0,0,566.666666666667,0,0,100,0,340,0,0,0,0,0,0,0,314.285714285714,113.333333333333,0,0,0,0,0,22.2222222222222,88.8888888888889,33.3333333333333,0,0,0,0,0,0,0,0,0,66.6666666666667,33.3333333333333,0,0,0,0,11.1111111111111,0
"U11qB",0,0,5646.54843589013,0,2823.27421794506,2823.27421794506,2823.27421794506,0,0,0,11293.0968717803,14116.3710897253,2823.27421794506,0,0,0,0,0,0,0,0,2823.27421794506,0,2823.27421794506,0,0,0,0,0,0,0,0,11293.0968717803,8469.8226538352,0,0,0,0,19762.9195256155,0,2823.27421794506,0,0,0,11293.0968717803,0,0,0,0,2823.27421794506,0,0,2823.27421794506,0,0,0,0,0,0,0,2823.27421794506,0,2823.27421794506,0,0,0,2823.27421794506,0,0,0,0,0,0,0,0,0,0,0,0,8469.8226538352,0,0,0,2823.27421794506,0,0,0,0,0,0,0,0,0,0,0,0,0,0,5646.54843589013,0,0,0,31056.0163973957,0,0,0,0,0,0,0,100,0,0,0,0,0,0,400,200,0,0,0,0,500,100,2900,0,0,0,0,0,0,0,0,0,0,0,0,100,0,200,0,0,100,0,0,0,0,0,0,0,0,11.1111111111111,0,0,55.5555555555556,0,0,0,0,0,0,0,0,0,0,0,0,0,0,0,0,0
"U11qC",0,0,18441.1201054794,0,3688.22402109588,0,0,0,3688.22402109588,0,18441.1201054794,7376.44804219176,0,0,0,0,0,0,18441.1201054794,11064.6720632876,0,0,3688.22402109588,7376.44804219176,0,0,0,3688.22402109588,0,0,0,0,7376.44804219176,0,0,0,0,0,0,0,0,0,0,0,33194.0161898629,0,0,0,0,14752.8960843835,0,0,0,0,0,0,0,0,0,0,0,14752.8960843835,0,0,0,0,40570.4642320547,0,0,0,0,0,0,0,0,0,0,0,0,0,0,0,0,66388.0323797258,3688.22402109588,0,0,0,3688.22402109588,0,0,0,0,0,0,0,0,7376.44804219176,7376.44804219176,0,0,0,14752.8960843835,0,0,0,0,0,0,200,0,0,0,100,0,0,600,0,0,0,0,0,0,1442.42424242424,721.212121212121,10200,721.212121212121,0,100,0,0,309.090909090909,0,100,0,0,0,0,200,0,0,0,0,200,0,0,206.060606060606,0,500,0,0,0,0,0,0,22.2222222222222,0,0,0,0,0,0,0,0,0,0,0,0,0,0,11.1111111111111,11.1111111111111,0
"U11qD",0,0,0,0,1581.4953271028,0,0,0,1581.4953271028,1581.4953271028,3162.99065420561,0,0,0,0,0,0,0,0,0,0,0,0,0,0,0,0,1581.4953271028,0,0,0,0,0,0,0,1581.4953271028,0,0,0,0,0,0,0,0,0,0,0,0,0,6325.98130841122,0,0,0,0,0,0,0,0,1581.4953271028,0,0,1581.4953271028,0,0,0,0,0,0,0,0,0,6325.98130841122,0,0,0,0,0,0,0,0,0,0,0,0,1581.4953271028,0,0,0,0,0,3162.99065420561,0,0,0,0,1581.4953271028,1581.4953271028,4744.48598130841,1581.4953271028,0,0,0,1581.4953271028,0,0,0,0,0,0,100,0,0,0,381.25,0,0,0,0,0,0,381.25,381.25,762.5,0,400,3300,900,0,0,0,0,100,381.25,381.25,0,0,0,0,3050,0,100,0,381.25,0,0,0,400,0,0,0,0,0,511.111111111111,0,0,0,0,0,0,0,0,0,0,0,0,0,0,0,0,0,0,11.1111111111111,0
"U12qA",0,0,3297.17142032484,0,3297.17142032484,0,0,0,0,0,0,0,0,3297.17142032484,0,0,0,0,0,23080.1999422739,0,0,0,0,0,3297.17142032484,0,9891.51426097453,0,0,0,0,9891.51426097453,0,3297.17142032484,0,0,0,0,0,6594.34284064968,0,0,0,3297.17142032484,0,0,0,0,0,3297.17142032484,0,0,0,0,6594.34284064968,0,0,0,0,0,0,3297.17142032484,0,0,0,0,0,0,0,0,23080.1999422739,0,0,0,0,0,0,0,0,0,0,3297.17142032484,0,16485.8571016242,0,0,9891.51426097453,0,0,0,0,0,0,0,0,0,0,65943.4284064969,0,0,0,26377.3713625987,0,0,0,0,0,0,0,0,0,0,0,0,0,0,0,0,0,0,0,480,0,260,2210,0,130,0,0,0,0,0,0,0,0,0,0,600,0,100,0,0,120,0,0,0,0,0,0,0,0,0,0,0,0,0,0,0,55.5555555555556,0,0,0,0,0,11.1111111111111,77.7777777777778,0,0,0,11.1111111111111,22.2222222222222,0
"U12qB",0,0,1490.16887816647,0,0,0,0,0,0,1490.16887816647,1490.16887816647,0,0,0,0,0,0,0,0,0,0,1490.16887816647,0,0,0,0,0,0,0,0,0,0,1490.16887816647,1490.16887816647,1490.16887816647,1490.16887816647,1490.16887816647,0,0,0,0,0,0,0,0,1490.16887816647,0,0,0,0,0,0,0,0,0,0,0,0,0,0,0,0,0,0,0,0,0,1490.16887816647,0,0,0,0,0,0,0,0,2980.33775633293,0,0,2980.33775633293,0,0,0,0,2980.33775633293,0,0,0,0,1490.16887816647,0,0,0,0,1490.16887816647,0,0,0,0,0,0,0,1490.16887816647,0,0,0,0,0,0,200,0,0,0,0,0,0,0,100,600,0,0,0,1457.5,0,0,5600,0,0,1457.5,0,0,100,397.5,132.5,0,0,100,0,1457.5,0,100,0,132.5,132.5,0,132.5,600,0,0,0,0,0,0,0,0,0,0,0,0,0,0,11.1111111111111,0,0,0,0,0,0,0,0,11.1111111111111,0,0
"U12qC",0,0,7744.55205811138,0,1548.91041162228,0,0,0,0,0,10842.3728813559,0,0,0,0,1548.91041162228,0,0,4646.73123486683,6195.6416464891,0,9293.46246973366,0,4646.73123486683,0,0,0,4646.73123486683,0,0,0,0,10842.3728813559,0,1548.91041162228,9293.46246973366,0,0,0,0,3097.82082324455,0,0,0,10842.3728813559,0,0,0,0,0,0,0,0,0,0,0,0,0,0,0,0,0,0,0,0,0,0,0,1548.91041162228,0,0,0,0,0,0,0,7744.55205811138,0,0,0,0,0,0,3097.82082324455,4646.73123486683,0,0,0,0,0,1548.91041162228,0,0,0,1548.91041162228,0,0,1548.91041162228,17038.014527845,0,0,0,32527.1186440678,0,0,0,1548.91041162228,0,0,0,0,0,0,0,0,0,0,0,0,0,0,0,0,100,400,2800,0,0,0,0,500,0,560,980,0,0,100,0,700,140,600,0,140,980,0,0,400,0,0,0,0,0,0,0,0,0,0,0,0,0,0,22.2222222222222,11.1111111111111,0,0,11.1111111111111,0,0,0,0,0,33.3333333333333,0
"U12qD",0,0,0,0,0,0,1487.36156351792,0,1487.36156351792,1487.36156351792,0,5949.44625407166,0,0,0,0,0,0,0,1487.36156351792,0,0,0,0,0,2974.72312703583,0,2974.72312703583,1487.36156351792,0,0,0,5949.44625407166,0,0,0,0,0,0,0,0,0,0,0,0,0,0,0,0,0,0,0,0,0,0,0,0,0,0,0,0,0,0,0,0,1487.36156351792,2974.72312703583,0,0,0,0,5949.44625407166,0,0,0,0,0,0,0,0,0,0,2974.72312703583,1487.36156351792,0,0,0,0,0,5949.44625407166,0,0,0,0,0,0,0,7436.80781758958,2974.72312703583,0,0,0,2974.72312703583,0,0,0,0,0,0,0,0,0,0,100,0,0,0,100,0,0,0,0,900,0,300,4900,200,0,0,0,0,100,0,300,0,0,0,0,0,0,0,0,0,0,0,0,300,0,0,100,0,0,0,0,11.1111111111111,66.6666666666667,0,0,0,0,0,22.2222222222222,0,0,0,22.2222222222222,11.1111111111111,0,0,511.111111111111,77.7777777777778,44.4444444444444,0
"U13qA",0,0,3019.10256410256,0,0,0,1509.55128205128,0,0,1509.55128205128,1509.55128205128,4528.65384615384,0,0,0,0,0,0,0,0,0,0,0,0,0,1509.55128205128,0,0,0,0,0,0,3019.10256410256,0,3019.10256410256,0,0,0,0,0,0,0,0,0,0,0,0,0,0,4528.65384615384,0,0,0,0,0,0,0,0,0,1509.55128205128,0,12076.4102564103,0,3019.10256410256,0,0,6038.20512820513,0,0,0,0,3019.10256410256,0,0,0,0,3019.10256410256,0,0,0,0,0,3019.10256410256,7547.75641025641,3019.10256410256,0,0,0,0,12076.4102564103,0,1509.55128205128,0,0,1509.55128205128,1509.55128205128,0,1509.55128205128,0,0,0,0,0,0,1509.55128205128,0,0,0,0,100,0,0,0,4166.66666666667,0,0,1145.83333333333,0,0,0,0,0,312.5,100,800,5500,1700,0,104.166666666667,0,0,300,625,520.833333333333,0,0,0,0,104.166666666667,0,200,0,104.166666666667,208.333333333333,0,0,0,0,104.166666666667,100,0,104.166666666667,0,0,33.3333333333333,0,0,0,0,0,0,0,0,0,0,0,0,0,0,55.5555555555556,11.1111111111111,33.3333333333333,0
"U13qB",1522.68102932376,0,0,0,0,0,0,0,0,0,1522.68102932376,1522.68102932376,0,0,0,0,0,0,0,0,0,3045.36205864752,0,0,0,4568.04308797127,0,3045.36205864752,0,0,0,0,1522.68102932376,0,0,0,0,0,0,0,0,0,0,0,1522.68102932376,0,0,0,0,7613.40514661879,0,0,0,0,0,0,0,0,0,0,0,6090.72411729503,0,0,0,0,0,0,0,0,0,0,0,0,0,0,1522.68102932376,0,0,0,0,0,1522.68102932376,1522.68102932376,0,0,0,0,0,0,0,1522.68102932376,0,0,0,0,0,0,0,0,0,0,0,1522.68102932376,0,0,0,0,0,200,0,0,0,4625,0,0,693.75,0,0,0,0,0,115.625,0,429.090909090909,3969.09090909091,429.090909090909,0,0,0,429.090909090909,107.272727272727,809.375,1040.625,0,0,0,0,115.625,0,300,0,0,0,0,0,321.818181818182,0,0,214.545454545455,0,0,0,11.1111111111111,22.2222222222222,0,0,0,0,11.1111111111111,0,0,0,0,0,33.3333333333333,77.7777777777778,0,0,55.5555555555556,0,44.4444444444444,0
"U13qC",0,0,6735.81995593327,0,0,0,0,0,0,0,0,0,0,0,0,0,0,0,6735.81995593327,0,0,6735.81995593327,0,6735.81995593327,0,6735.81995593327,0,6735.81995593327,0,0,0,0,13471.6399118665,0,6735.81995593327,0,0,0,0,0,0,0,0,0,6735.81995593327,0,6735.81995593327,0,0,154923.858986465,0,0,0,0,0,0,0,0,0,6735.81995593327,40414.9197355996,0,26943.2798237331,0,0,0,0,0,6735.81995593327,0,0,0,0,0,0,0,0,0,0,13471.6399118665,0,0,0,6735.81995593327,0,0,13471.6399118665,0,0,0,0,6735.81995593327,0,0,0,0,0,0,0,0,0,0,6735.81995593327,0,0,0,0,0,0,0,0,0,0,0,0,0,221.052631578947,228.888888888889,114.444444444444,0,0,0,221.052631578947,0,915.555555555556,8011.11111111111,0,0,331.578947368421,0,114.444444444444,0,110.526315789474,773.684210526316,0,0,0,0,221.052631578947,110.526315789474,0,0,110.526315789474,0,0,0,915.555555555556,0,0,0,0,0,0,0,0,0,0,0,0,33.3333333333333,0,0,11.1111111111111,0,0,11.1111111111111,0,0,0,0,0,44.4444444444444,0
"U13qD",0,0,5640.1805010806,0,0,0,0,0,0,0,39481.2635075642,0,0,0,0,0,0,0,5640.1805010806,0,16920.5415032418,11280.3610021612,5640.1805010806,0,0,11280.3610021612,0,11280.3610021612,0,0,0,0,0,16920.5415032418,5640.1805010806,0,0,0,0,0,0,0,0,0,0,0,0,0,0,33841.0830064836,0,0,0,0,0,0,0,0,0,0,16920.5415032418,0,11280.3610021612,0,0,0,0,0,0,0,0,0,0,0,0,0,0,0,0,124083.971023773,0,0,5640.1805010806,0,0,0,0,0,0,5640.1805010806,0,0,0,0,16920.5415032418,0,0,0,0,0,0,0,0,0,5640.1805010806,0,0,0,0,0,0,0,0,578.571428571429,0,115.714285714286,578.571428571429,0,150,0,0,0,925.714285714286,150,450,8400,600,0,231.428571428571,0,300,0,115.714285714286,115.714285714286,0,0,0,0,2198.57142857143,810,0,1620,0,694.285714285714,0,115.714285714286,150,0,0,0,0,0,0,0,0,0,0,0,0,0,0,33.3333333333333,0,0,0,0,0,0,0,0,0,0,0
"U14qA",0,0,8337.23597099622,0,0,0,0,0,0,0,0,5558.15731399748,0,0,0,0,0,0,2779.07865699874,0,0,2779.07865699874,0,0,0,0,0,0,0,0,0,0,2779.07865699874,0,0,0,0,0,0,0,0,0,0,0,0,0,0,0,0,100046.831651955,0,0,0,0,0,0,0,0,0,0,0,0,0,0,0,2779.07865699874,0,0,0,0,0,0,0,0,0,0,0,0,0,0,0,0,2779.07865699874,0,2779.07865699874,0,0,0,2779.07865699874,0,0,5558.15731399748,0,0,0,25011.7079129887,0,0,0,0,0,0,0,0,0,0,2779.07865699874,0,0,200,0,0,0,0,0,103.305785123967,0,0,1364.62264150943,0,0,0,8264.46280991736,15134.9056603774,372.169811320755,2605.18867924528,0,0,0,0,0,6823.11320754717,2582.64462809917,619.834710743802,309.917355371901,0,0,0,206.611570247934,0,0,0,206.611570247934,0,0,0,0,0,103.305785123967,0,0,103.305785123967,0,0,0,22.2222222222222,0,0,0,0,0,11.1111111111111,0,0,0,11.1111111111111,0,0,0,355.555555555556,11.1111111111111,0,0
"U14qB",0,0,11815.0262085032,0,11815.0262085032,0,0,0,0,11815.0262085032,0,0,0,0,0,0,0,0,0,0,0,35445.0786255096,0,0,0,23630.0524170064,0,23630.0524170064,0,0,0,0,35445.0786255096,23630.0524170064,0,59075.131042516,0,0,0,0,0,0,11815.0262085032,0,0,0,11815.0262085032,0,0,11815.0262085032,0,0,11815.0262085032,0,0,0,0,0,23630.0524170064,0,0,0,0,0,0,11815.0262085032,11815.0262085032,0,11815.0262085032,0,0,0,0,0,0,0,0,0,0,697086.546301689,0,0,0,82705.1834595224,11815.0262085032,0,0,0,0,0,0,11815.0262085032,0,0,0,0,0,0,0,0,0,0,0,11815.0262085032,11815.0262085032,0,0,0,0,0,0,0,0,0,0,109.722222222222,0,0,0,0,0,438.888888888889,0,1340.625,825,928.125,103.125,0,109.722222222222,0,0,0,548.611111111111,329.166666666667,0,0,0,0,1645.83333333333,0,100,109.722222222222,0,4608.33333333333,0,0,103.125,0,0,0,0,0,0,0,0,0,0,0,0,33.3333333333333,0,11.1111111111111,0,0,0,11.1111111111111,33.3333333333333,0,0,0,0,0,0
"U14qC",0,0,1435.05926388022,0,1435.05926388022,0,0,0,0,0,1435.05926388022,0,0,0,0,0,0,0,0,0,0,0,0,0,0,2870.11852776045,0,0,0,0,0,0,10045.4148471616,0,2870.11852776045,0,0,0,0,0,0,0,0,0,0,0,0,0,0,41616.7186525265,0,0,0,0,0,0,0,0,0,0,0,8610.35558328135,0,0,0,1435.05926388022,0,0,0,0,0,4305.17779164067,0,0,0,0,0,0,0,7175.29631940112,0,0,0,0,7175.29631940112,1435.05926388022,0,0,0,2870.11852776045,2870.11852776045,0,0,0,0,5740.2370555209,1435.05926388022,2870.11852776045,0,0,0,0,0,0,0,0,1435.05926388022,0,0,0,0,0,0,0,0,0,0,0,407.142857142857,0,114.516129032258,0,3320.96774193548,950,542.857142857143,3528.57142857143,0,0,0,0,0,2171.42857142857,2290.32258064516,229.032258064516,0,0,0,0,572.58064516129,0,0,0,0,114.516129032258,114.516129032258,0,0,229.032258064516,114.516129032258,0,0,0,0,0,0,0,0,0,0,0,0,0,0,0,66.6666666666667,0,0,0,0,455.555555555556,11.1111111111111,0,0
"U14qD",0,0,6738.62433862434,0,0,0,0,0,0,0,0,0,0,0,0,0,0,0,13477.2486772487,0,0,13477.2486772487,6738.62433862434,13477.2486772487,0,13477.2486772487,13477.2486772487,6738.62433862434,0,0,0,0,0,0,0,0,0,0,0,0,0,13477.2486772487,0,0,0,0,0,0,0,0,0,0,0,0,0,0,0,0,0,0,0,0,0,0,0,0,6738.62433862434,0,0,0,0,6738.62433862434,0,0,0,0,0,0,0,40431.746031746,0,0,0,74124.8677248677,0,0,0,0,0,0,0,0,0,0,0,0,0,0,0,0,0,0,0,0,0,0,6738.62433862434,0,0,0,0,0,0,0,0,0,4369.87951807229,320.27027027027,0,0,0,0,1008.43373493976,533.783783783784,854.054054054054,6191.89189189189,0,0,1232.53012048193,0,0,0,448.192771084337,784.33734939759,0,0,0,0,1232.53012048193,0,100,112.048192771084,0,112.048192771084,0,0,0,0,0,0,0,0,0,0,0,0,0,0,0,22.2222222222222,0,44.4444444444444,33.3333333333333,11.1111111111111,22.2222222222222,11.1111111111111,55.5555555555556,0,0,0,0,0,0
"U15qA",0,0,0,0,0,0,8003.35818537941,0,0,0,0,0,0,0,0,0,8003.35818537941,0,0,32013.4327415176,0,8003.35818537941,0,0,0,0,0,0,8003.35818537941,8003.35818537941,0,0,0,8003.35818537941,16006.7163707588,0,0,0,0,0,0,0,0,0,96040.298224553,0,0,0,0,8003.35818537941,0,0,0,0,0,0,0,0,0,0,0,16006.7163707588,8003.35818537941,0,0,0,0,16006.7163707588,0,0,0,0,0,0,0,0,0,0,0,0,0,0,0,336141.043785935,24010.0745561382,0,0,0,0,0,16006.7163707588,0,0,0,0,0,0,8003.35818537941,8003.35818537941,0,0,0,24010.0745561382,24010.0745561382,0,0,0,0,0,0,0,0,0,0,0,0,2762.79069767442,123.076923076923,369.230769230769,0,0,0,0,0,246.153846153846,1600,615.384615384615,0,0,102.325581395349,0,0,204.651162790698,102.325581395349,0,0,0,0,716.279069767442,0,100,0,0,306.976744186047,0,0,0,102.325581395349,102.325581395349,246.153846153846,0,0,0,0,0,0,0,0,0,0,0,0,0,0,0,66.6666666666667,144.444444444444,0,0,0,0,0,0
"U15qB",0,0,0,0,0,0,0,0,0,0,0,6302.84113645458,0,0,0,0,0,0,0,0,0,0,0,0,0,0,0,3151.42056822729,0,0,0,0,0,0,3151.42056822729,3151.42056822729,0,0,0,0,0,0,0,0,0,0,3151.42056822729,0,0,85088.3553421369,0,0,0,0,0,0,0,0,0,0,0,0,0,3151.42056822729,0,0,0,0,0,0,0,0,0,0,0,0,0,0,0,3151.42056822729,0,0,0,3151.42056822729,18908.5234093637,0,0,0,0,9454.26170468187,0,3151.42056822729,0,0,0,34665.6262505002,0,6302.84113645458,0,0,0,0,0,0,0,0,0,0,0,100,0,0,0,209.259259259259,0,0,732.407407407407,0,418.181818181818,0,0,0,4812.96296296296,522.727272727273,209.090909090909,627.272727272727,209.090909090909,0,0,0,104.545454545455,104.545454545455,313.888888888889,4812.96296296296,0,0,0,0,104.62962962963,0,800,0,0,0,0,0,0,0,313.888888888889,104.545454545455,0,0,0,66.6666666666667,511.111111111111,0,0,0,0,0,0,0,0,0,0,111.111111111111,244.444444444444,0,0,11.1111111111111,0,0,0
"U15qC",0,0,5809.6018735363,0,0,0,0,0,2904.80093676815,0,1452.40046838407,4357.20140515222,0,0,0,0,0,0,4357.20140515222,0,0,0,0,1452.40046838407,1452.40046838407,1452.40046838407,0,0,0,0,0,0,0,0,0,2904.80093676815,0,0,0,0,0,0,0,0,0,4357.20140515222,1452.40046838407,0,0,47929.2154566745,0,0,0,0,0,1452.40046838407,0,0,0,1452.40046838407,0,0,0,0,0,0,0,0,0,0,0,1452.40046838407,0,0,0,0,1452.40046838407,0,0,2904.80093676815,0,0,1452.40046838407,5809.6018735363,2904.80093676815,0,4357.20140515222,0,1452.40046838407,0,0,2904.80093676815,0,0,0,10166.8032786885,0,0,0,0,0,0,0,0,0,0,0,0,0,100,0,0,0,0,0,0,100,112,0,0,0,0,100,224,336,2128,0,0,0,0,0,0,100,0,0,0,0,0,300,0,0,0,0,0,0,0,0,0,0,0,0,0,0,77.7777777777778,44.4444444444444,11.1111111111111,0,0,0,0,0,0,0,0,0,77.7777777777778,44.4444444444444,0,0,33.3333333333333,0,11.1111111111111,77.7777777777778
"U15qD",0,0,17581.9971671388,0,4395.4992917847,0,8790.9985835694,4395.4992917847,0,0,13186.4978753541,0,0,0,0,0,0,0,0,0,0,0,0,21977.4964589235,0,4395.4992917847,0,4395.4992917847,0,0,0,0,0,0,4395.4992917847,8790.9985835694,0,4395.4992917847,0,0,0,0,0,0,8790.9985835694,0,0,0,0,0,0,0,0,0,0,0,0,0,0,0,0,4395.4992917847,0,0,0,0,8790.9985835694,0,0,0,0,8790.9985835694,0,0,0,0,0,0,0,48350.4922096317,0,0,13186.4978753541,26372.9957507082,4395.4992917847,0,0,4395.4992917847,0,0,4395.4992917847,8790.9985835694,0,0,0,0,0,8790.9985835694,4395.4992917847,0,0,0,26372.9957507082,0,0,0,0,0,0,0,0,0,0,0,0,0,137.837837837838,0,0,0,0,413.513513513513,0,0,429.411764705882,6763.23529411765,0,0,2067.56756756757,0,0,107.352941176471,0,137.837837837838,0,0,100,0,1654.05405405405,0,200,0,275.675675675676,413.513513513513,0,0,0,0,0,0,0,0,0,0,0,0,0,0,0,0,0,0,0,33.3333333333333,33.3333333333333,0,0,0,0,0,0,0,0
"U16qA",0,0,0,0,7530.39733979598,0,0,0,0,0,0,0,0,0,0,0,0,0,0,0,15060.794679592,15060.794679592,0,0,0,0,0,15060.794679592,0,0,7530.39733979598,0,52712.7813785718,0,0,0,0,0,0,0,0,0,0,0,0,7530.39733979598,0,0,0,0,0,0,7530.39733979598,0,0,0,7530.39733979598,0,0,0,0,0,0,0,0,0,0,7530.39733979598,7530.39733979598,0,0,0,0,0,0,0,7530.39733979598,0,0,15060.794679592,0,0,7530.39733979598,105425.562757144,30121.5893591839,0,0,7530.39733979598,0,0,0,0,0,0,0,0,0,0,30121.5893591839,0,0,0,60243.1787183678,0,0,0,0,0,0,0,0,0,0,0,0,0,110,0,0,0,0,0,0,0,0,400,200,100,0,0,0,0,440,110,0,0,0,0,330,0,0,110,0,0,0,0,100,0,0,0,0,0,0,11.1111111111111,0,0,0,0,0,11.1111111111111,0,0,11.1111111111111,0,0,155.555555555556,66.6666666666667,0,0,44.4444444444444,0,0,0
"U16qB",11765.1277955272,0,0,0,11765.1277955272,0,17647.6916932907,0,0,0,0,5882.56389776358,0,0,17647.6916932907,0,0,0,11765.1277955272,0,0,5882.56389776358,0,0,0,17647.6916932907,5882.56389776358,5882.56389776358,0,0,0,0,58825.6389776358,5882.56389776358,0,5882.56389776358,0,0,5882.56389776358,0,0,0,0,0,5882.56389776358,0,5882.56389776358,0,0,0,0,0,0,0,0,0,0,0,0,17647.6916932907,0,0,0,0,0,0,0,0,0,0,0,0,0,0,0,0,0,0,0,0,0,0,0,82355.8945686901,0,0,0,5882.56389776358,0,0,17647.6916932907,0,0,0,0,0,0,0,41177.947284345,0,0,0,94121.0223642173,0,5882.56389776358,5882.56389776358,0,0,0,0,0,0,0,0,0,0,223.076923076923,0,0,0,111.538461538462,0,111.538461538462,0,100,700,100,0,0,0,0,0,1115.38461538462,223.076923076923,0,0,0,0,446.153846153846,0,0,0,669.230769230769,0,0,0,300,0,0,0,0,0,0,0,0,0,0,0,0,0,0,11.1111111111111,11.1111111111111,0,0,88.8888888888889,44.4444444444444,0,11.1111111111111,11.1111111111111,11.1111111111111,0,0
"U16qC",0,0,0,0,9085.87429993777,0,0,1514.31238332296,1514.31238332296,0,0,0,0,3028.62476664592,0,0,0,1514.31238332296,0,0,0,1514.31238332296,0,0,0,3028.62476664592,1514.31238332296,0,0,0,0,0,10600.1866832607,1514.31238332296,3028.62476664592,3028.62476664592,0,0,1514.31238332296,0,0,0,0,1514.31238332296,3028.62476664592,1514.31238332296,0,0,0,25743.3105164903,0,0,0,0,0,0,0,0,4542.93714996889,0,0,0,1514.31238332296,0,0,0,3028.62476664592,0,1514.31238332296,0,0,3028.62476664592,1514.31238332296,0,0,0,3028.62476664592,0,0,0,0,0,1514.31238332296,3028.62476664592,1514.31238332296,0,0,0,0,0,0,0,0,0,0,0,0,1514.31238332296,0,1514.31238332296,0,0,1514.31238332296,0,0,0,3028.62476664592,0,0,300,0,0,0,0,0,0,0,0,0,0,0,0,0,109.090909090909,109.090909090909,981.818181818182,0,0,100,0,0,0,1200,200,0,0,0,0,400,0,0,0,0,100,200,0,0,0,200,0,0,0,11.1111111111111,22.2222222222222,22.2222222222222,33.3333333333333,0,0,0,0,0,0,0,0,0,33.3333333333333,33.3333333333333,0,0,0,11.1111111111111,0,0
"U16qD",2565.78572493416,0,0,0,0,0,0,0,0,17960.5000745391,15394.7143496049,2565.78572493416,0,0,0,0,0,0,0,0,2565.78572493416,0,0,2565.78572493416,0,0,0,7697.35717480247,0,2565.78572493416,0,0,12828.9286246708,2565.78572493416,0,2565.78572493416,0,0,0,0,0,0,0,12828.9286246708,5131.57144986831,0,0,0,0,28223.6429742757,0,0,2565.78572493416,0,0,0,0,0,0,2565.78572493416,0,0,0,0,0,0,0,0,0,0,0,0,0,0,0,0,12828.9286246708,0,0,0,0,0,0,0,20526.2857994732,0,0,0,2565.78572493416,2565.78572493416,0,0,0,0,0,7697.35717480247,0,10263.1428997366,0,0,0,0,5131.57144986831,0,0,0,0,0,0,200,0,0,0,0,0,0,0,0,0,0,0,0,101.923076923077,0,0,700,0,0,0,0,0,0,3975,101.923076923077,0,101.923076923077,0,0,713.461538461538,0,0,0,203.846153846154,0,0,0,0,0,101.923076923077,0,0,0,0,33.3333333333333,55.5555555555556,22.2222222222222,0,0,0,0,0,0,0,0,0,88.8888888888889,77.7777777777778,0,0,0,33.3333333333333,0,0
"U17qA",0,0,5802.75,0,11605.5,0,17408.25,0,0,0,0,5802.75,0,0,0,0,0,0,0,69633,0,5802.75,0,5802.75,0,0,0,0,0,0,0,0,23211,40619.25,0,11605.5,0,0,0,0,0,0,0,0,0,0,0,0,0,5802.75,0,0,0,0,0,0,11605.5,0,0,0,5802.75,17408.25,0,0,0,0,0,0,0,0,0,0,0,0,0,0,0,0,0,116055,0,0,0,0,0,0,0,0,0,5802.75,5802.75,11605.5,0,0,0,0,0,11605.5,11605.5,0,0,0,5802.75,0,0,0,0,0,0,0,0,0,0,0,0,0,0,119.047619047619,0,0,110,0,110,119.047619047619,476.190476190476,1309.52380952381,0,0,0,0,0,0,770,220,0,0,200,0,770,0,200,660,330,1430,0,0,119.047619047619,0,0,357.142857142857,0,0,0,0,0,0,0,0,0,11.1111111111111,0,0,0,0,0,0,0,0,0,0,0,33.3333333333333,0
"U17qB",0,0,0,0,1447.55114693118,0,0,0,0,0,1447.55114693118,0,0,0,0,0,0,0,0,0,0,0,0,1447.55114693118,0,0,0,0,0,0,0,0,0,0,0,0,0,0,0,0,0,0,0,0,0,0,0,0,0,0,0,0,0,0,0,0,0,0,0,0,0,0,0,0,0,0,0,0,0,0,0,0,0,0,0,0,0,0,0,0,0,0,0,0,1447.55114693118,0,0,0,0,0,0,0,0,0,0,0,0,0,0,0,0,0,0,0,0,0,0,0,0,100,0,0,0,0,0,0,408.510638297872,0,113.636363636364,0,0,0,3063.82978723404,113.636363636364,0,2272.72727272727,0,0,0,0,0,0,204.255319148936,204.255319148936,0,0,0,0,612.765957446808,0,100,306.382978723404,0,0,0,0,0,0,0,0,0,0,0,0,44.4444444444444,22.2222222222222,0,0,0,0,0,11.1111111111111,0,0,0,22.2222222222222,0,0,0,22.2222222222222,0,11.1111111111111,0
"U17qC",0,0,0,0,6516.81084872574,0,0,0,0,6516.81084872574,0,0,0,0,0,0,0,0,0,13033.6216974515,0,32584.0542436287,0,19550.4325461772,13033.6216974515,0,6516.81084872574,0,0,0,0,0,19550.4325461772,0,6516.81084872574,0,0,0,0,0,0,0,0,0,6516.81084872574,0,0,0,0,0,6516.81084872574,0,6516.81084872574,0,0,0,0,0,0,0,39100.8650923544,32584.0542436287,0,0,0,0,0,0,0,0,0,26067.243394903,0,0,0,0,0,0,0,84718.5410334347,0,0,13033.6216974515,0,0,0,0,32584.0542436287,19550.4325461772,0,13033.6216974515,0,0,0,0,0,0,0,0,0,0,0,208537.947159224,0,0,0,0,0,0,100,0,103.846153846154,0,0,0,0,0,0,0,0,100,0,200,311.538461538462,830.769230769231,623.076923076923,311.538461538462,0,0,0,0,0,300,100,0,0,0,0,300,0,0,300,0,0,0,0,415.384615384615,0,0,103.846153846154,0,0,0,11.1111111111111,11.1111111111111,0,0,0,0,0,0,0,0,0,0,11.1111111111111,0,0,0,0,0,11.1111111111111,0
"U17qD",0,0,24422.5411394364,0,0,0,0,0,0,0,9158.45292728864,0,0,0,0,0,0,0,0,0,0,0,0,0,0,15264.0882121477,12211.2705697182,6105.6352848591,0,0,0,0,0,0,0,3052.81764242955,0,0,0,0,0,0,0,6105.6352848591,0,0,0,0,0,6105.6352848591,0,0,0,0,0,0,3052.81764242955,0,0,12211.2705697182,0,0,0,0,0,0,3052.81764242955,0,0,0,0,3052.81764242955,0,0,0,0,9158.45292728864,0,0,0,0,0,3052.81764242955,3052.81764242955,0,0,0,0,12211.2705697182,70214.8057758796,3052.81764242955,0,0,0,0,0,0,0,0,0,0,0,0,0,0,0,0,0,0,300,0,0,0,0,0,0,0,0,0,0,0,0,800,0,100,500,0,0,0,0,0,100,400,100,0,200,100,0,100,0,0,0,0,100,0,200,100,0,200,0,0,0,0,22.2222222222222,11.1111111111111,0,0,0,0,0,0,0,0,0,0,44.4444444444444,11.1111111111111,0,0,33.3333333333333,0,0,0
"U18qA",0,0,0,0,0,0,0,0,0,0,4305.77045022194,0,1435.25681674065,0,0,0,0,0,0,0,0,0,0,0,0,0,0,1435.25681674065,0,0,0,0,7176.28408370323,0,0,0,0,0,0,0,0,0,0,0,0,0,0,0,0,5741.02726696259,0,0,0,0,0,0,0,0,0,1435.25681674065,0,5741.02726696259,0,0,0,0,0,0,0,0,0,1435.25681674065,0,0,0,0,0,0,0,0,0,0,0,1435.25681674065,11482.0545339252,0,0,0,0,0,0,1435.25681674065,0,0,0,0,0,2870.51363348129,0,0,0,0,1435.25681674065,0,0,0,0,0,0,0,0,0,0,0,0,0,105.61797752809,0,350,0,316.85393258427,211.23595505618,2640.44943820225,583.333333333333,0,2800,700,0,105.61797752809,0,0,466.666666666667,1373.03370786517,2746.06741573034,0,211.23595505618,400,0,739.325842696629,0,100,0,0,211.23595505618,0,0,0,0,739.325842696629,0,0,0,0,0,0,55.5555555555556,0,0,0,11.1111111111111,0,11.1111111111111,0,0,0,11.1111111111111,0,0,0,266.666666666667,44.4444444444444,0,11.1111111111111
"U18qB",0,3165.54820056304,3165.54820056304,0,0,0,3165.54820056304,0,3165.54820056304,0,3165.54820056304,0,0,0,0,0,0,0,0,0,0,0,0,0,0,6331.09640112607,0,3165.54820056304,0,15827.7410028152,0,0,18993.2892033782,0,0,0,0,0,0,0,0,0,0,0,6331.09640112607,0,0,0,0,0,0,3165.54820056304,0,0,0,0,3165.54820056304,0,0,6331.09640112607,0,0,0,0,0,0,0,0,0,0,6331.09640112607,3165.54820056304,0,0,0,0,3165.54820056304,0,0,15827.7410028152,3165.54820056304,0,0,75973.1568135129,0,0,0,9496.64460168911,9496.64460168911,0,0,0,0,0,0,0,0,9496.64460168911,15827.7410028152,3165.54820056304,0,0,6331.09640112607,3165.54820056304,3165.54820056304,0,0,0,0,200,0,0,0,2400,0,0,0,0,0,0,0,0,100,862.5,143.75,862.5,143.75,0,0,0,143.75,143.75,600,200,100,0,0,0,900,800,0,200,0,100,0,0,0,0,300,0,0,0,55.5555555555556,0,0,0,0,0,0,22.2222222222222,0,0,0,0,0,0,11.1111111111111,0,0,0,0,11.1111111111111,0
"U18qC",0,0,0,0,0,0,0,0,6150.18529956764,0,6150.18529956764,3075.09264978382,3075.09264978382,0,0,0,0,0,0,0,0,6150.18529956764,0,0,0,6150.18529956764,3075.09264978382,0,0,0,0,0,3075.09264978382,3075.09264978382,3075.09264978382,0,0,0,0,0,0,0,0,0,0,0,0,0,0,36901.1117974058,0,0,3075.09264978382,0,0,6150.18529956764,0,0,0,0,0,0,0,0,0,0,3075.09264978382,0,0,0,0,0,0,0,0,0,0,0,0,0,0,0,6150.18529956764,0,0,0,0,0,0,0,0,3075.09264978382,0,0,0,3075.09264978382,0,6150.18529956764,0,0,0,0,3075.09264978382,0,0,0,0,0,0,100,0,0,143.75,0,0,0,0,0,146.428571428571,0,0,0,4168.75,1610.71428571429,146.428571428571,1025,0,0,1006.25,0,0,1025,2300,2731.25,575,0,100,0,287.5,0,100,0,0,0,0,0,0,0,287.5,146.428571428571,0,0,11.1111111111111,0,0,44.4444444444444,0,0,0,0,0,11.1111111111111,0,0,0,0,0,0,0,177.777777777778,11.1111111111111,0,0
"U18qD",0,0,0,0,1503.09708159619,0,0,0,0,0,1503.09708159619,3006.19416319238,0,1503.09708159619,0,0,0,0,0,0,0,0,0,1503.09708159619,0,6012.38832638475,0,0,0,3006.19416319238,0,0,6012.38832638475,0,0,1503.09708159619,0,0,0,0,0,0,0,0,1503.09708159619,0,0,0,0,0,0,0,0,0,0,0,1503.09708159619,0,0,1503.09708159619,0,0,0,0,0,0,0,0,0,0,0,0,0,1503.09708159619,0,0,4509.29124478857,0,0,1503.09708159619,0,0,0,3006.19416319238,4509.29124478857,6012.38832638475,3006.19416319238,3006.19416319238,1503.09708159619,0,0,0,0,0,0,0,0,1503.09708159619,18037.1649791543,0,0,0,9018.58248957713,0,1503.09708159619,0,0,0,0,100,0,0,0,0,0,0,200,0,0,0,0,300,0,8837.20930232558,0,662.790697674419,0,0,500,0,0,0,200,500,0,0,100,0,300,0,0,0,100,100,0,0,0,0,0,0,0,0,544.444444444444,0,0,0,0,0,0,11.1111111111111,0,0,0,0,0,0,0,0,0,0,0,0,0
"U19qA",0,0,2601.52403282532,0,2601.52403282532,0,0,0,0,1300.76201641266,3902.28604923798,0,0,0,0,0,0,0,0,0,0,3902.28604923798,0,0,0,1300.76201641266,1300.76201641266,0,0,0,0,0,1300.76201641266,1300.76201641266,1300.76201641266,2601.52403282532,0,0,0,0,0,0,0,0,0,0,0,0,0,9105.33411488862,0,0,0,0,0,0,0,0,0,1300.76201641266,0,11706.8581477139,0,0,0,0,0,0,0,0,2601.52403282532,0,0,0,0,0,1300.76201641266,0,0,1300.76201641266,0,0,0,2601.52403282532,0,0,14308.3821805393,0,2601.52403282532,0,0,0,0,1300.76201641266,0,1300.76201641266,0,0,0,0,0,0,2601.52403282532,0,0,0,0,0,0,0,0,0,0,4377.01149425287,0,0,5523.37164750958,106.140350877193,849.122807017544,0,0,0,0,955.263157894737,318.421052631579,8491.22807017544,212.280701754386,0,3439.08045977012,0,0,955.263157894737,5836.0153256705,6773.94636015326,0,0,0,0,104.214559386973,0,0,0,521.072796934866,104.214559386973,208.429118773946,0,106.140350877193,0,312.64367816092,106.140350877193,0,0,0,0,11.1111111111111,22.2222222222222,0,0,0,0,0,0,0,0,0,0,22.2222222222222,0,0,0,0,0,0
"U19qB",0,0,10023.2380614238,0,3341.07935380792,0,0,0,10023.2380614238,0,0,0,0,0,3341.07935380792,0,0,0,0,0,0,3341.07935380792,0,0,0,13364.3174152317,0,0,0,3341.07935380792,0,0,13364.3174152317,0,3341.07935380792,0,0,0,0,0,0,0,16705.3967690396,0,0,0,0,0,0,3341.07935380792,0,0,0,0,0,0,0,0,0,0,0,10023.2380614238,0,0,0,0,13364.3174152317,3341.07935380792,3341.07935380792,0,0,0,0,0,0,0,0,0,0,3341.07935380792,0,0,6682.15870761584,3341.07935380792,0,0,0,0,0,3341.07935380792,3341.07935380792,0,0,0,0,0,0,0,0,0,3341.07935380792,0,3341.07935380792,0,0,0,3341.07935380792,0,0,0,0,0,0,433.333333333333,0,0,0,0,0,0,0,0,216.666666666667,400,900,4800,0,0,108.333333333333,0,0,100,758.333333333333,325,0,0,0,0,650,0,0,0,0,108.333333333333,0,0,100,0,0,0,0,0,0,0,0,0,11.1111111111111,0,0,11.1111111111111,0,0,0,0,0,0,0,44.4444444444444,0,0,0,22.2222222222222,0
"U19qC",0,0,0,0,5158.89129314786,0,5158.89129314786,0,0,0,2579.44564657393,0,0,0,0,0,0,0,0,0,0,0,0,5158.89129314786,0,7738.33693972179,2579.44564657393,2579.44564657393,0,0,0,0,10317.7825862957,2579.44564657393,2579.44564657393,2579.44564657393,0,0,0,0,0,0,0,0,0,0,0,0,0,2579.44564657393,0,0,0,0,0,0,2579.44564657393,0,0,0,0,0,5158.89129314786,0,0,0,0,0,0,0,0,0,0,0,0,0,0,0,0,0,0,0,0,103177.825862957,12897.2282328697,5158.89129314786,0,2579.44564657393,0,0,0,5158.89129314786,0,0,0,0,0,2579.44564657393,0,0,0,0,0,0,2579.44564657393,0,0,0,0,400,0,0,0,4536.58536585366,0,0,151.219512195122,0,2133.33333333333,0,0,0,453.658536585366,0,213.333333333333,11520,426.666666666667,0,3478.0487804878,0,0,106.666666666667,3931.70731707317,3175.60975609756,0,0,600,0,2721.95121951219,0,100,0,151.219512195122,0,0,0,0,0,0,0,0,0,0,0,0,0,0,0,0,11.1111111111111,0,0,0,0,0,22.2222222222222,11.1111111111111,0,0,0,22.2222222222222,0,0
"U19qD",0,0,2600.23668639053,1300.11834319527,2600.23668639053,0,2600.23668639053,0,0,0,2600.23668639053,0,0,0,0,0,0,0,0,1300.11834319527,0,0,0,1300.11834319527,0,1300.11834319527,0,1300.11834319527,0,0,0,0,5200.47337278106,0,1300.11834319527,1300.11834319527,0,0,0,0,0,0,0,0,1300.11834319527,0,0,0,0,1300.11834319527,0,1300.11834319527,0,0,0,0,0,0,0,0,0,0,0,0,0,0,0,0,0,0,0,2600.23668639053,0,0,0,0,1300.11834319527,0,0,0,0,0,0,13001.1834319527,0,0,0,3900.3550295858,0,2600.23668639053,2600.23668639053,0,0,0,0,0,0,1300.11834319527,2600.23668639053,0,0,0,2600.23668639053,0,0,0,1300.11834319527,0,0,0,0,0,0,0,0,121.052631578947,1452.63157894737,0,325,0,0,0,484.210526315789,0,108.333333333333,2058.33333333333,0,0,0,0,108.333333333333,0,605.263157894737,363.157894736842,0,0,0,0,484.210526315789,0,100,0,0,242.105263157895,0,847.368421052632,0,0,0,0,0,0,0,0,0,0,0,0,0,11.1111111111111,0,11.1111111111111,0,0,0,77.7777777777778,33.3333333333333,0,0,0,0,0,0
"U1qA",0,0,0,3953.25220670152,3953.25220670152,0,0,0,0,0,11859.7566201045,0,0,0,0,0,0,0,0,0,0,3953.25220670152,0,0,0,0,0,3953.25220670152,0,0,0,0,11859.7566201045,11859.7566201045,0,35579.2698603136,0,0,0,0,3953.25220670152,0,0,0,15813.0088268061,3953.25220670152,0,0,0,39532.5220670152,0,0,0,0,0,0,0,0,0,0,0,3953.25220670152,0,3953.25220670152,0,0,3953.25220670152,0,0,0,0,0,0,0,0,0,0,0,0,0,0,0,3953.25220670152,0,0,0,0,0,0,3953.25220670152,0,0,0,0,0,15813.0088268061,0,11859.7566201045,3953.25220670152,0,0,0,11859.7566201045,3953.25220670152,0,0,0,0,0,200,0,0,0,0,0,0,0,116.666666666667,0,0,0,100,0,233.333333333333,0,1633.33333333333,0,0,0,0,233.333333333333,0,0,0,0,0,300,0,0,0,800,200,0,200,0,0,116.666666666667,0,0,466.666666666667,200,0,1066.66666666667,0,0,0,0,0,0,0,0,0,0,0,0,0,11.1111111111111,0,0,0,11.1111111111111,0,0
"U1qB",0,0,6068.49535655288,0,0,0,0,0,0,0,6068.49535655288,12136.9907131058,0,0,0,0,0,0,24273.9814262115,18205.4860696586,0,0,0,0,0,6068.49535655288,0,0,0,6068.49535655288,0,0,24273.9814262115,6068.49535655288,6068.49535655288,0,0,0,0,0,0,0,0,0,72821.9442786346,0,0,0,0,30342.4767827644,0,0,0,0,0,0,0,0,0,0,0,42479.4674958702,6068.49535655288,0,0,0,0,0,0,0,0,0,0,0,0,0,0,6068.49535655288,0,54616.4582089759,0,0,0,97095.9257048461,0,0,6068.49535655288,30342.4767827644,0,6068.49535655288,0,0,0,0,0,0,0,6068.49535655288,0,0,0,0,12136.9907131058,0,0,0,0,0,12136.9907131058,0,0,0,0,0,0,0,0,0,100,0,0,0,0,0,200,200,0,0,200,0,0,0,0,0,0,0,0,0,0,0,100,0,0,0,0,0,0,0,0,300,0,0,0,0,0,0,0,0,0,11.1111111111111,0,0,11.1111111111111,0,0,44.4444444444444,266.666666666667,0,0,0,11.1111111111111,0,0
"U1qC",0,0,0,0,0,0,2417.89137380192,1208.94568690096,2417.89137380192,0,1208.94568690096,0,0,0,0,0,0,0,1208.94568690096,0,0,0,0,0,0,3626.83706070288,0,0,0,1208.94568690096,0,0,2417.89137380192,2417.89137380192,1208.94568690096,3626.83706070288,0,0,0,0,0,0,0,0,2417.89137380192,0,1208.94568690096,0,0,21761.0223642172,0,0,1208.94568690096,0,0,0,0,0,0,0,0,0,1208.94568690096,0,0,0,0,0,0,0,0,0,0,0,0,0,2417.89137380192,0,0,0,0,0,0,14507.3482428115,1208.94568690096,1208.94568690096,0,0,0,0,0,1208.94568690096,0,0,0,2417.89137380192,0,7253.67412140575,0,0,0,0,0,0,0,0,0,0,0,300,0,0,0,0,0,0,114.814814814815,0,0,0,229.62962962963,0,0,0,223.529411764706,2458.82352941176,558.823529411765,0,114.814814814815,0,0,0,1837.03703703704,114.814814814815,0,0,0,0,0,0,0,0,0,114.814814814815,0,0,0,0,0,558.823529411765,344.444444444444,229.62962962963,233.333333333333,0,0,0,0,0,0,0,0,0,0,0,0,22.2222222222222,0,0,0,0,0,0,0
"U1qD",0,0,7884.34307530279,0,0,0,0,0,0,0,0,0,0,0,0,0,0,0,0,0,0,0,0,0,0,7884.34307530279,0,0,0,0,0,0,7884.34307530279,0,0,7884.34307530279,0,7884.34307530279,0,0,0,0,0,0,0,0,0,0,0,0,0,0,0,0,0,0,0,0,0,7884.34307530279,0,0,0,0,0,0,0,23653.0292259084,0,0,0,0,0,0,0,0,23653.0292259084,0,0,173455.547656661,0,0,0,0,0,0,15768.6861506056,15768.6861506056,7884.34307530279,7884.34307530279,0,0,0,0,0,0,7884.34307530279,0,0,0,0,0,31537.3723012112,0,0,0,0,0,0,0,0,0,0,0,0,0,100,0,0,0,0,0,0,0,200,1500,100,0,100,0,0,0,300,300,0,0,0,0,300,0,1000,0,0,600,0,0,0,0,0,0,100,0,0,0,0,0,0,0,0,0,0,0,0,0,0,144.444444444444,166.666666666667,0,0,0,11.1111111111111,0,0
"U20qA",3030.2393461763,0,0,0,1515.11967308815,0,1515.11967308815,0,0,0,7575.59836544074,1515.11967308815,0,0,0,0,0,0,0,0,0,4545.35901926445,0,0,0,0,0,4545.35901926445,6060.4786923526,4545.35901926445,0,0,9090.71803852889,7575.59836544074,0,1515.11967308815,0,0,0,0,0,0,0,1515.11967308815,0,0,0,0,0,31817.5131348511,0,0,0,0,0,0,0,0,1515.11967308815,0,0,6060.4786923526,0,0,0,0,0,0,0,0,0,0,0,0,0,0,0,0,0,10605.837711617,0,0,1515.11967308815,3030.2393461763,1515.11967308815,0,0,0,3030.2393461763,0,1515.11967308815,1515.11967308815,0,0,0,6060.4786923526,0,10605.837711617,3030.2393461763,4545.35901926445,0,0,1515.11967308815,0,0,0,0,1515.11967308815,0,200,0,0,0,0,0,0,117.241379310345,0,341.379310344828,0,234.48275862069,351.724137931034,0,113.793103448276,568.965517241379,2048.27586206897,0,0,0,0,0,0,1406.89655172414,0,0,586.206896551724,0,0,0,0,0,0,117.241379310345,351.724137931034,0,0,0,117.241379310345,0,227.586206896552,0,117.241379310345,0,22.2222222222222,122.222222222222,33.3333333333333,0,0,0,0,0,0,0,0,0,44.4444444444444,77.7777777777778,0,0,0,11.1111111111111,0,11.1111111111111
"U20qB",0,0,0,0,13541.2121761936,0,4513.73739206453,4513.73739206453,0,0,0,0,0,0,0,0,0,0,0,31596.1617444517,0,13541.2121761936,0,0,0,0,0,0,0,49651.1113127098,0,0,4513.73739206453,4513.73739206453,4513.73739206453,13541.2121761936,0,0,0,0,0,0,0,0,0,0,0,0,0,45137.3739206453,4513.73739206453,0,0,0,0,0,0,0,13541.2121761936,0,0,0,0,0,0,0,0,4513.73739206453,0,0,0,9027.47478412905,0,0,0,0,4513.73739206453,0,0,27082.4243523872,4513.73739206453,0,4513.73739206453,18054.9495682581,4513.73739206453,0,0,0,4513.73739206453,0,0,4513.73739206453,0,0,0,0,4513.73739206453,0,0,0,0,4513.73739206453,13541.2121761936,0,4513.73739206453,0,9027.47478412905,0,0,0,0,0,0,300,0,0,300,0,112.371134020619,0,0,0,0,0,1460.82474226804,7753.60824742268,1573.19587628866,0,0,0,0,0,1000,1000,0,0,0,0,500,0,200,0,0,300,0,0,0,0,200,0,0,0,0,0,0,0,0,0,0,0,0,0,0,0,0,0,0,0,0,0,0,0,0
"U20qC",0,0,9134.78095238095,0,9134.78095238095,0,0,0,0,0,9134.78095238095,0,0,0,0,0,0,0,0,82213.0285714285,0,18269.5619047619,0,0,0,0,0,0,0,118752.152380952,0,0,36539.1238095238,18269.5619047619,0,63943.4666666666,0,0,0,0,0,0,0,0,9134.78095238095,0,0,0,9134.78095238095,36539.1238095238,36539.1238095238,0,0,0,0,0,0,9134.78095238095,9134.78095238095,0,0,0,182695.619047619,0,0,0,9134.78095238095,18269.5619047619,9134.78095238095,0,0,0,0,0,0,0,9134.78095238095,0,0,9134.78095238095,0,0,9134.78095238095,100482.59047619,9134.78095238095,0,9134.78095238095,9134.78095238095,0,0,0,0,0,0,9134.78095238095,0,0,9134.78095238095,0,9134.78095238095,0,0,36539.1238095238,0,0,0,0,0,0,0,0,0,0,0,0,122.222222222222,733.333333333333,0,0,0,0,0,0,0,2116.12903225806,1587.09677419355,396.774193548387,0,244.444444444444,0,0,0,122.222222222222,488.888888888889,0,0,0,0,244.444444444444,0,0,0,0,244.444444444444,0,0,0,0,0,0,0,0,0,0,0,0,0,0,0,22.2222222222222,0,11.1111111111111,0,0,0,0,0,0,0,0,0,0,0
"U20qD",0,0,33527.1544715447,0,0,0,0,0,0,0,13410.8617886179,0,0,0,0,0,0,0,0,6705.43089430894,0,6705.43089430894,0,0,0,0,0,6705.43089430894,0,0,0,0,0,0,0,46938.0162601626,0,0,0,0,0,0,0,0,13410.8617886179,0,0,0,0,120697.756097561,0,0,0,0,0,0,0,0,0,13410.8617886179,0,0,6705.43089430894,0,0,0,0,0,0,0,0,13410.8617886179,0,0,0,0,0,0,0,0,0,0,6705.43089430894,20116.2926829268,0,0,13410.8617886179,0,0,6705.43089430894,0,0,0,0,0,0,0,6705.43089430894,0,0,0,0,0,0,0,0,0,0,0,100,0,0,0,0,0,0,0,0,0,0,0,107.692307692308,215.384615384615,685.714285714286,1142.85714285714,1142.85714285714,114.285714285714,0,107.692307692308,0,0,0,2153.84615384615,430.769230769231,0,323.076923076923,100,0,430.769230769231,0,0,0,107.692307692308,107.692307692308,107.692307692308,0,0,0,107.692307692308,114.285714285714,0,0,0,0,0,22.2222222222222,11.1111111111111,0,0,0,0,0,11.1111111111111,0,0,0,11.1111111111111,0,22.2222222222222,0,22.2222222222222,0,0
"U21qA",0,0,0,0,3267.68397033656,0,6535.36794067313,0,0,3267.68397033656,0,0,0,0,0,0,0,0,19606.1038220194,22873.7877923559,0,0,0,16338.4198516828,0,0,0,0,0,0,0,0,3267.68397033656,3267.68397033656,0,3267.68397033656,0,3267.68397033656,0,0,0,0,0,3267.68397033656,16338.4198516828,0,0,0,6535.36794067313,6535.36794067313,0,0,0,0,0,0,0,0,0,0,3267.68397033656,13070.7358813463,0,0,0,0,0,0,0,0,0,0,0,0,3267.68397033656,0,3267.68397033656,6535.36794067313,0,32676.8397033656,0,0,0,16338.4198516828,3267.68397033656,0,0,0,3267.68397033656,0,0,0,0,0,0,0,0,3267.68397033656,3267.68397033656,0,0,0,0,0,0,0,0,0,0,0,0,0,0,0,0,0,0,0,1061.53846153846,0,211.764705882353,317.647058823529,0,0,0,2712.82051282051,825.641025641026,0,847.058823529412,0,0,0,105.882352941176,0,0,0,0,0,1376.47058823529,0,200,0,0,741.176470588235,0,0,0,0,0,0,0,0,0,0,0,0,0,0,0,0,0,22.2222222222222,0,0,0,77.7777777777778,322.222222222222,0,0,0,0,0,11.1111111111111
"U21qB",0,0,0,0,5484.71149405151,0,0,0,0,0,16454.1344821545,0,0,0,0,0,0,0,0,16454.1344821545,0,32908.268964309,0,5484.71149405151,0,0,5484.71149405151,0,0,0,0,0,21938.845976206,5484.71149405151,0,0,0,0,0,0,0,0,0,0,27423.5574702575,0,0,0,0,0,0,0,0,0,0,0,5484.71149405151,0,0,10969.422988103,0,21938.845976206,0,0,0,0,5484.71149405151,0,0,0,0,0,0,0,0,0,10969.422988103,0,0,43877.691952412,0,0,0,43877.691952412,5484.71149405151,0,0,5484.71149405151,0,0,0,0,0,0,43877.691952412,0,0,0,5484.71149405151,0,0,0,60331.8264345666,0,5484.71149405151,0,0,0,0,0,0,0,0,0,0,0,0,0,104.545454545455,0,0,0,120,0,209.090909090909,1254.54545454545,209.090909090909,0,600,0,0,0,0,0,0,0,0,0,600,0,100,0,0,480,0,0,0,0,0,522.727272727273,0,0,0,0,0,0,0,0,0,0,0,0,0,0,0,77.7777777777778,88.8888888888889,0,0,22.2222222222222,11.1111111111111,0,0
"U21qC",0,0,0,0,0,0,0,0,0,1476.35561160151,4429.06683480454,0,0,0,0,0,0,0,0,0,0,7381.77805800756,0,2952.71122320303,0,0,0,0,0,0,0,0,0,0,0,0,0,0,0,0,0,0,0,0,1476.35561160151,0,0,1476.35561160151,0,0,0,0,0,0,0,0,0,0,0,0,0,0,0,0,1476.35561160151,0,0,0,1476.35561160151,0,0,0,0,0,0,0,0,0,0,2952.71122320303,0,0,4429.06683480454,0,0,0,0,0,1476.35561160151,2952.71122320303,1476.35561160151,0,0,0,0,0,0,0,0,0,0,0,1476.35561160151,0,0,0,0,0,1476.35561160151,100,0,0,0,314.285714285714,0,0,104.761904761905,0,0,0,0,104.761904761905,419.047619047619,3573.33333333333,335,2121.66666666667,335,0,0,0,0,335,1047.61904761905,733.333333333333,0,0,0,0,733.333333333333,0,100,104.761904761905,314.285714285714,419.047619047619,0,104.761904761905,0,0,0,0,0,0,33.3333333333333,11.1111111111111,0,0,0,0,0,0,0,0,0,0,0,0,0,0,0,0,0,0,0
"U21qD",0,0,1420.22209234366,0,0,0,0,0,0,0,0,0,0,0,0,0,0,0,0,0,0,0,0,0,0,0,0,0,0,0,0,0,0,0,0,0,0,0,0,0,0,0,0,0,0,0,0,0,0,2840.44418468732,0,0,0,0,0,0,0,0,0,0,0,0,1420.22209234366,0,0,0,0,0,0,0,0,1420.22209234366,0,0,0,0,0,0,0,0,0,0,0,0,0,0,0,0,0,1420.22209234366,1420.22209234366,0,0,0,0,0,0,0,0,0,0,0,0,0,0,0,0,0,0,0,766.666666666667,0,0,7338.09523809524,0,0,4490.47619047619,118.867924528302,237.735849056604,0,109.52380952381,109.52380952381,0,1664.15094339623,237.735849056604,2971.69811320755,0,0,438.095238095238,0,118.867924528302,713.207547169811,5038.09523809524,2409.52380952381,0,219.047619047619,100,0,657.142857142857,0,0,0,328.571428571429,219.047619047619,0,0,118.867924528302,657.142857142857,219.047619047619,118.867924528302,0,0,0,0,11.1111111111111,0,0,0,0,0,0,0,0,0,0,0,0,0,0,0,0,11.1111111111111,0
"U22qA",0,0,12684.1735659373,0,2536.83471318746,0,0,0,10147.3388527499,5073.66942637493,10147.3388527499,7610.50413956239,0,0,0,0,0,0,0,0,0,5073.66942637493,0,0,0,2536.83471318746,0,0,0,0,0,0,12684.1735659373,0,2536.83471318746,5073.66942637493,0,0,0,0,0,0,0,0,7610.50413956239,0,0,0,5073.66942637493,25368.3471318746,0,0,0,0,0,0,0,0,0,2536.83471318746,0,0,5073.66942637493,0,0,0,5073.66942637493,0,0,0,2536.83471318746,10147.3388527499,0,0,0,0,2536.83471318746,0,0,2536.83471318746,0,2536.83471318746,10147.3388527499,12684.1735659373,0,0,0,0,5073.66942637493,2536.83471318746,0,5073.66942637493,0,0,0,7610.50413956239,0,0,2536.83471318746,0,0,0,0,0,0,0,0,0,0,0,0,0,0,0,0,0,341.509433962264,121.428571428571,485.714285714286,0,227.672955974843,341.509433962264,3415.09433962264,4250,0,34121.4285714286,0,0,0,113.836477987421,0,5100,4211.94968553459,5691.82389937107,0,341.509433962264,0,0,569.182389937107,0,0,1024.52830188679,113.836477987421,113.836477987421,0,0,0,0,1593.7106918239,121.428571428571,0,0,0,0,44.4444444444444,11.1111111111111,11.1111111111111,0,0,11.1111111111111,0,0,0,0,0,0,0,0,0,244.444444444444,11.1111111111111,11.1111111111111,100
"U22qB",0,0,18398.6216730038,0,0,0,0,0,0,0,6132.87389100126,0,6132.87389100126,0,0,0,0,0,3066.43694550063,0,3066.43694550063,12265.7477820025,0,3066.43694550063,0,0,0,3066.43694550063,0,36797.2433460076,0,0,3066.43694550063,0,3066.43694550063,0,0,3066.43694550063,0,0,0,0,0,0,0,3066.43694550063,0,0,0,21465.0586185044,6132.87389100126,0,0,0,0,0,0,0,0,0,0,6132.87389100126,3066.43694550063,0,0,0,0,0,0,0,0,0,0,0,0,0,0,0,0,3066.43694550063,0,0,0,0,0,0,0,3066.43694550063,15332.1847275032,3066.43694550063,0,3066.43694550063,0,0,0,3066.43694550063,0,0,0,0,0,0,0,0,0,0,0,0,0,0,0,0,0,0,0,0,0,0,619.354838709677,0,0,0,3561.29032258064,516.129032258064,103.225806451613,1032.25806451613,0,0,333.870967741935,0,309.677419354839,412.903225806452,890.322580645161,222.58064516129,0,111.290322580645,0,0,333.870967741935,0,0,0,556.451612903226,779.032258064516,0,0,0,0,111.290322580645,206.451612903226,0,0,0,0,0,0,0,0,0,0,0,0,0,0,0,11.1111111111111,0,0,0,155.555555555556,11.1111111111111,11.1111111111111,11.1111111111111
"U22qC",0,0,7770.32898820608,0,6216.26319056487,0,0,0,1554.06579764122,0,3108.13159528243,3108.13159528243,0,0,0,0,0,0,0,3108.13159528243,0,4662.19739292365,0,1554.06579764122,0,0,1554.06579764122,1554.06579764122,0,17094.7237740534,0,0,12432.5263811297,1554.06579764122,0,0,0,1554.06579764122,0,0,0,0,0,0,0,0,0,0,0,15540.6579764122,4662.19739292365,0,0,0,0,0,0,0,0,0,0,0,0,0,0,0,1554.06579764122,6216.26319056487,0,0,0,0,0,0,0,0,3108.13159528243,0,0,13986.5921787709,0,0,1554.06579764122,7770.32898820608,1554.06579764122,0,0,0,1554.06579764122,1554.06579764122,0,0,0,0,0,0,0,0,0,3108.13159528243,0,0,12432.5263811297,0,0,0,0,0,0,0,0,0,0,0,0,0,0,0,0,0,0,0,0,200,1200,5100,600,0,0,221.052631578947,0,0,0,0,0,0,200,663.157894736842,1105.26315789474,0,0,0,0,110.526315789474,0,0,0,0,0,0,0,0,0,0,0,0,44.4444444444444,0,0,0,0,22.2222222222222,0,0,0,0,0,22.2222222222222,0,0,0,55.5555555555556,0
"U22qD",0,0,0,0,15109.7096188748,0,5036.56987295826,5036.56987295826,0,5036.56987295826,0,0,0,0,0,0,0,0,0,25182.8493647913,0,40292.5589836661,0,10073.1397459165,0,10073.1397459165,0,5036.56987295826,5036.56987295826,0,0,0,20146.279491833,25182.8493647913,0,10073.1397459165,5036.56987295826,0,0,0,0,0,0,0,5036.56987295826,5036.56987295826,0,0,0,10073.1397459165,25182.8493647913,0,0,0,0,0,0,0,10073.1397459165,0,0,0,25182.8493647913,0,0,0,0,0,0,0,0,5036.56987295826,0,0,0,0,0,0,0,70511.9782214156,0,0,0,25182.8493647913,10073.1397459165,0,0,5036.56987295826,5036.56987295826,5036.56987295826,0,10073.1397459165,0,0,5036.56987295826,10073.1397459165,0,0,0,5036.56987295826,0,0,5036.56987295826,0,0,0,10073.1397459165,0,0,0,0,0,0,0,0,206.060606060606,103.030303030303,0,0,0,0,0,0,208.333333333333,1041.66666666667,1250,0,0,309.090909090909,0,0,0,0,103.030303030303,0,0,0,0,927.272727272727,0,0,0,0,1442.42424242424,0,309.090909090909,0,0,0,0,0,0,0,0,0,0,0,0,0,0,0,44.4444444444444,0,0,0,33.3333333333333,33.3333333333333,0,0,0,0,0,0
"U23qA",0,0,1608.7306501548,0,0,0,1608.7306501548,0,0,0,1608.7306501548,0,0,0,0,0,0,0,0,0,0,8043.65325077399,0,4826.19195046439,0,0,0,1608.7306501548,0,0,0,0,11261.1145510836,0,0,0,0,0,0,0,0,0,0,1608.7306501548,0,0,0,0,0,0,0,0,0,0,0,0,0,0,0,0,0,0,0,0,0,0,0,0,0,0,0,0,0,0,0,0,1608.7306501548,0,0,0,0,0,0,0,0,0,3217.4613003096,3217.4613003096,0,0,0,0,0,0,9652.38390092879,1608.7306501548,0,0,1608.7306501548,0,0,0,28957.1517027864,0,3217.4613003096,0,3217.4613003096,0,0,0,0,0,0,0,200,0,0,0,0,0,0,0,0,0,217.391304347826,3369.5652173913,1413.04347826087,0,0,0,0,0,0,0,0,0,0,0,0,0,0,0,0,0,0,0,0,0,0,0,0,0,33.3333333333333,0,0,0,0,0,0,0,0,0,0,0,0,33.3333333333333,11.1111111111111,0,0,0,11.1111111111111,0,0
"U23qB",0,0,0,0,4202.0584791491,0,0,0,0,2101.02923957455,8404.11695829819,0,0,0,0,0,0,0,0,2101.02923957455,0,6303.08771872364,0,4202.0584791491,0,2101.02923957455,0,2101.02923957455,0,0,0,0,4202.0584791491,0,0,2101.02923957455,0,0,0,0,6303.08771872364,0,0,0,0,2101.02923957455,0,0,2101.02923957455,4202.0584791491,0,0,0,0,0,0,0,0,8404.11695829819,0,0,8404.11695829819,0,0,0,0,2101.02923957455,0,0,0,0,0,0,0,0,0,12606.1754374473,0,0,4202.0584791491,0,0,4202.0584791491,2101.02923957455,8404.11695829819,2101.02923957455,0,0,0,18909.2631561709,0,0,0,0,0,4202.0584791491,0,0,8404.11695829819,8404.11695829819,0,0,8404.11695829819,0,0,0,0,0,0,100,0,0,0,0,0,0,0,0,200,0,0,0,0,0,300,4100,600,0,100,0,0,0,100,0,0,0,0,0,200,0,0,0,0,0,0,0,0,0,0,200,0,0,0,0,0,0,0,0,0,0,0,0,0,0,0,0,0,0,0,0,0,0,0
"U23qC",0,0,0,0,0,0,0,1486.67941363926,0,0,0,0,0,0,0,0,0,0,0,1486.67941363926,0,0,0,0,0,0,0,0,0,0,0,0,0,0,0,0,0,0,0,0,0,0,0,0,0,0,0,0,0,0,0,0,0,0,0,0,0,0,0,0,0,0,0,0,0,0,0,0,0,0,0,1486.67941363926,0,0,0,0,0,0,0,0,0,0,0,0,0,0,0,0,0,0,4460.03824091778,0,0,0,0,0,0,0,0,0,0,0,0,0,0,0,0,0,0,0,0,0,0,1727.27272727273,3454.54545454545,0,0,0,0,0,0,0,1727.27272727273,0,1356.52173913043,6330.4347826087,0,0,0,0,0,0,0,0,0,0,0,0,10363.6363636364,0,0,0,0,0,0,1727.27272727273,0,0,0,113.04347826087,0,0,300,0,0,0,0,0,0,0,0,0,0,0,0,0,0,0,0,11.1111111111111,0,0,0
"U23qD",0,0,0,0,0,0,0,0,0,0,0,9258.629570375,0,0,0,0,0,0,0,0,0,9258.629570375,0,0,0,0,0,9258.629570375,0,0,0,0,18517.25914075,3086.20985679167,0,0,0,0,0,0,0,0,0,0,6172.41971358333,0,0,0,0,24689.6788543333,0,0,0,0,0,3086.20985679167,0,0,0,0,0,3086.20985679167,0,0,0,0,0,3086.20985679167,0,0,0,0,0,0,0,0,9258.629570375,0,0,0,0,0,0,3086.20985679167,0,3086.20985679167,0,0,0,3086.20985679167,24689.6788543333,0,0,3086.20985679167,0,0,0,0,0,3086.20985679167,0,0,3086.20985679167,0,0,0,9258.629570375,0,0,300,0,0,0,0,0,0,233.333333333333,0,113.725490196078,0,0,0,0,0,682.352941176471,3525.49019607843,1364.70588235294,0,233.333333333333,0,0,113.725490196078,0,0,0,0,100,0,233.333333333333,0,0,0,0,0,0,0,0,0,0,0,0,0,22.2222222222222,0,0,0,0,0,0,0,0,0,0,0,0,0,0,0,0,0,0,11.1111111111111,0
"U24qA",0,0,0,0,0,0,5535.07627765065,0,0,0,0,0,0,0,0,0,0,0,44280.6102212052,0,0,0,0,0,0,0,0,0,0,0,0,0,0,11070.1525553013,0,22140.3051106026,0,0,0,0,5535.07627765065,0,0,0,0,0,0,0,0,0,0,0,0,0,0,0,0,0,0,5535.07627765065,0,0,0,0,0,0,5535.07627765065,5535.07627765065,0,0,0,0,0,0,0,0,0,0,0,83026.1441647598,0,0,0,49815.6864988559,0,0,0,0,0,0,0,0,0,0,0,0,0,0,0,0,0,0,0,0,11070.1525553013,0,0,0,0,0,0,0,0,0,0,0,0,0,0,0,0,0,763.636363636364,118.75,0,831.25,0,593.75,327.272727272727,0,0,0,109.090909090909,0,0,0,0,0,436.363636363636,0,200,0,0,763.636363636364,0,0,0,0,0,356.25,0,0,0,0,0,0,0,0,0,11.1111111111111,0,0,33.3333333333333,0,0,155.555555555556,88.8888888888889,0,0,0,0,0,0
"U24qB",0,0,4427.07581227437,0,2951.38387484958,0,0,0,1475.69193742479,0,5902.76774969916,0,0,0,0,0,0,0,2951.38387484958,0,0,0,0,0,0,0,0,1475.69193742479,0,0,0,0,5902.76774969916,1475.69193742479,0,1475.69193742479,0,0,0,0,0,4427.07581227437,0,2951.38387484958,0,0,0,0,0,8854.15162454873,0,0,0,0,0,0,0,0,0,0,0,0,0,0,0,0,0,0,0,0,0,2951.38387484958,0,0,0,0,2951.38387484958,0,0,0,0,0,1475.69193742479,0,0,0,1475.69193742479,0,0,0,0,0,0,0,0,1475.69193742479,0,0,0,0,0,0,4427.07581227437,0,1475.69193742479,0,0,0,0,200,0,0,0,0,0,240,240,0,153.846153846154,0,360,0,1800,0,153.846153846154,1230.76923076923,307.692307692308,153.846153846154,0,0,0,0,4920,240,0,120,100,0,480,0,200,360,120,120,0,0,0,0,960,0,1440,0,0,0,77.7777777777778,0,0,0,0,11.1111111111111,0,11.1111111111111,0,0,0,11.1111111111111,33.3333333333333,0,0,0,0,66.6666666666667,0
"U24qC",0,0,0,0,0,0,3064.3078833023,0,1532.15394165115,0,1532.15394165115,0,0,0,0,0,0,1532.15394165115,1532.15394165115,0,0,0,0,0,0,0,4596.46182495344,0,0,0,0,0,0,0,0,1532.15394165115,0,0,0,0,1532.15394165115,0,0,0,0,0,0,0,0,6128.61576660459,0,0,0,0,0,0,0,0,0,0,0,0,1532.15394165115,0,0,0,1532.15394165115,0,0,0,0,4596.46182495344,0,0,0,0,0,0,0,1532.15394165115,0,0,0,1532.15394165115,1532.15394165115,0,1532.15394165115,0,0,6128.61576660459,0,1532.15394165115,0,0,0,0,0,0,0,0,0,0,0,0,0,0,0,0,0,0,104.255319148936,0,0,0,0,0,0,0,0,0,0,0,1668.08510638298,280,280,980,0,140,1355.31914893617,0,0,1680,208.510638297872,208.510638297872,0,0,300,0,938.297872340426,0,0,0,0,208.510638297872,0,208.510638297872,140,0,0,0,0,0,0,11.1111111111111,77.7777777777778,0,0,0,0,0,0,0,0,0,0,22.2222222222222,44.4444444444444,11.1111111111111,0,0,0,44.4444444444444,11.1111111111111
"U24qD",0,0,0,0,21240.6806264046,0,0,0,0,0,0,10620.3403132023,0,0,0,0,0,0,5310.17015660115,0,0,15930.5104698034,0,0,0,5310.17015660115,10620.3403132023,0,0,0,0,0,0,0,0,5310.17015660115,0,0,0,0,21240.6806264046,0,0,0,0,0,0,0,0,0,0,5310.17015660115,0,0,0,0,0,0,0,0,0,0,0,0,0,0,0,0,0,0,0,0,0,0,0,0,21240.6806264046,0,0,26550.8507830057,0,0,0,21240.6806264046,0,0,0,0,5310.17015660115,0,5310.17015660115,0,0,0,0,0,0,0,5310.17015660115,5310.17015660115,0,0,79652.5523490172,0,0,0,0,0,0,0,0,0,0,0,0,0,0,0,0,0,0,109.090909090909,2509.09090909091,0,0,320,0,1066.66666666667,0,0,106.666666666667,0,436.363636363636,109.090909090909,0,0,200,0,327.272727272727,0,0,0,0,0,0,0,0,0,0,106.666666666667,0,109.090909090909,0,0,0,0,0,0,11.1111111111111,11.1111111111111,0,0,0,0,0,144.444444444444,111.111111111111,0,0,0,11.1111111111111,0,0
"U2qA",0,0,0,0,11572.680644083,0,23145.3612881661,0,0,0,0,0,0,0,0,11572.680644083,0,0,0,34718.0419322491,0,11572.680644083,0,0,0,11572.680644083,0,11572.680644083,0,0,0,0,23145.3612881661,11572.680644083,23145.3612881661,0,0,0,11572.680644083,0,0,0,0,0,0,0,0,0,0,150444.848373079,0,0,0,0,0,0,0,0,0,11572.680644083,0,0,0,11572.680644083,0,0,0,0,0,0,0,0,0,0,0,0,23145.3612881661,0,0,11572.680644083,0,0,0,34718.0419322491,0,0,11572.680644083,11572.680644083,0,0,0,0,0,0,659642.796712733,0,34718.0419322491,0,11572.680644083,0,0,0,11572.680644083,0,0,0,0,0,0,0,0,0,0,0,0,0,500,0,0,0,0,0,250,5274.66666666667,344,2981.33333333333,0,0,375,0,0,0,250,250,0,0,200,0,750,0,100,0,0,125,0,0,0,0,0,0,0,0,11.1111111111111,0,0,0,0,0,0,11.1111111111111,0,0,0,0,0,0,0,0,0,0,0,0,0
"U2qB",1242.88097886541,0,2485.76195773081,0,1242.88097886541,0,0,0,0,0,6214.40489432703,0,2485.76195773081,0,0,1242.88097886541,0,0,1242.88097886541,0,0,1242.88097886541,0,1242.88097886541,0,1242.88097886541,2485.76195773081,0,0,0,0,0,2485.76195773081,0,0,8700.16685205784,0,0,0,0,0,0,0,0,0,0,2485.76195773081,0,0,3728.64293659622,0,0,0,0,0,0,0,0,0,0,0,16157.4527252503,1242.88097886541,0,0,0,0,0,0,0,0,1242.88097886541,0,0,0,0,0,0,0,9943.04783092325,0,0,1242.88097886541,9943.04783092325,2485.76195773081,0,0,0,2485.76195773081,0,0,1242.88097886541,0,0,0,0,0,0,1242.88097886541,0,0,0,0,0,0,0,0,0,0,0,534.446764091858,0,0,4596.24217118998,0,0,18919.4154488518,200,1900,0,0,0,106.889352818372,100,1000,7300,2600,0,2244.6764091858,0,0,0,10047.5991649269,13895.6158663883,0,0,200,0,0,0,0,0,213.778705636743,106.889352818372,106.889352818372,0,0,213.778705636743,106.889352818372,0,106.889352818372,0,0,0,155.555555555556,11.1111111111111,0,0,0,0,0,0,0,0,0,0,0,0,0,0,0,0,0
"U2qC",0,0,1395.82863585118,0,0,0,1395.82863585118,0,0,1395.82863585118,1395.82863585118,1395.82863585118,0,0,0,0,0,0,0,0,0,0,0,0,0,8374.9718151071,0,0,0,0,0,0,0,0,0,0,0,0,0,0,0,0,0,0,0,0,1395.82863585118,0,0,2791.65727170237,1395.82863585118,0,0,0,0,0,0,0,0,0,0,13958.2863585118,0,0,0,0,0,2791.65727170237,0,0,0,1395.82863585118,0,0,0,0,1395.82863585118,0,0,1395.82863585118,0,0,0,6979.14317925592,0,0,0,0,0,0,0,0,0,0,0,0,0,0,0,0,0,0,1395.82863585118,1395.82863585118,0,0,0,0,0,0,131.313131313131,0,0,525.252525252525,0,0,1707.07070707071,0,100,0,0,131.313131313131,131.313131313131,200,800,3100,400,0,3151.51515151515,0,0,100,4464.64646464646,1575.75757575758,0,0,100,0,525.252525252525,0,0,0,525.252525252525,131.313131313131,0,0,0,0,0,0,0,0,722.222222222222,11.1111111111111,0,0,0,0,0,0,0,0,0,0,0,0,0,0,0,0,11.1111111111111,0,0
"U2qD",1397.2088030059,0,12574.8792270531,0,0,0,1397.2088030059,0,0,15369.2968330649,1397.2088030059,0,0,0,0,0,0,0,12574.8792270531,23752.5496511004,0,1397.2088030059,0,4191.62640901771,0,0,0,1397.2088030059,1397.2088030059,0,0,0,2794.41760601181,4191.62640901771,1397.2088030059,2794.41760601181,4191.62640901771,0,0,0,0,0,0,0,1397.2088030059,1397.2088030059,0,0,0,1397.2088030059,0,0,0,0,0,0,0,0,0,1397.2088030059,0,4191.62640901771,0,0,0,0,0,0,0,0,4191.62640901771,1397.2088030059,0,0,0,0,4191.62640901771,0,0,6986.04401502952,0,0,0,15369.2968330649,0,0,0,0,0,0,0,0,0,0,0,0,0,1397.2088030059,1397.2088030059,0,0,0,18163.7144390768,0,0,0,0,0,0,0,0,0,0,0,0,308.093994778068,4005.22193211488,0,0,0,0,308.093994778068,308.093994778068,3862.29508196721,1370.49180327869,2242.62295081967,0,0,1232.37597911227,0,0,0,5853.78590078329,41438.6422976501,0,0,900,0,3697.12793733681,0,800,0,0,1386.42297650131,0,0,0,0,154.046997389034,124.590163934426,308.093994778068,0,0,0,0,0,0,0,0,22.2222222222222,0,33.3333333333333,0,0,0,0,0,0,0,0,0,22.2222222222222,0
"U3qA",0,0,3571.10814022579,0,21426.6488413547,0,0,3571.10814022579,3571.10814022579,0,0,0,0,0,0,0,0,0,0,0,0,0,0,0,0,0,3571.10814022579,3571.10814022579,0,0,0,0,3571.10814022579,3571.10814022579,0,7142.21628045157,0,0,0,0,3571.10814022579,0,0,0,7142.21628045157,3571.10814022579,0,0,0,24997.7569815805,3571.10814022579,0,0,0,3571.10814022579,0,0,0,0,0,0,0,0,0,0,0,0,0,0,0,0,0,0,0,0,0,0,0,0,53566.6221033868,0,0,0,32139.9732620321,3571.10814022579,0,0,0,0,0,0,0,0,0,0,3571.10814022579,0,0,0,0,0,0,7142.21628045157,0,0,0,0,0,0,100,0,0,0,0,0,0,0,0,523.809523809524,104.761904761905,209.523809523809,104.761904761905,314.285714285714,209.523809523809,104.761904761905,1361.90476190476,0,0,209.523809523809,0,0,0,628.571428571429,104.761904761905,0,0,100,0,104.761904761905,0,300,0,104.761904761905,209.523809523809,0,0,0,0,104.761904761905,0,0,0,44.4444444444444,0,0,22.2222222222222,0,0,0,0,0,0,0,0,0,11.1111111111111,0,0,0,0,0,0,0
"U3qB",0,0,0,0,14445.2359018227,0,0,0,0,2889.04718036455,0,0,0,0,0,0,0,0,2889.04718036455,0,0,5778.09436072909,0,0,0,5778.09436072909,0,5778.09436072909,0,0,0,0,23112.3774429164,2889.04718036455,5778.09436072909,8667.14154109364,2889.04718036455,0,0,0,0,0,0,0,5778.09436072909,0,0,0,0,5778.09436072909,0,0,2889.04718036455,0,0,0,0,0,0,0,5778.09436072909,0,23112.3774429164,0,0,0,0,0,0,0,0,0,0,0,0,0,2889.04718036455,0,0,11556.1887214582,0,0,2889.04718036455,83782.3682305718,5778.09436072909,5778.09436072909,0,0,0,0,0,0,0,0,0,0,0,2889.04718036455,8667.14154109364,0,0,0,14445.2359018227,0,0,0,0,0,0,0,0,0,0,0,0,0,123.076923076923,127.272727272727,381.818181818182,0,0,0,0,254.545454545455,127.272727272727,509.090909090909,0,0,2830.76923076923,0,0,0,246.153846153846,984.615384615385,0,0,0,0,0,0,200,0,0,123.076923076923,0,0,0,0,492.307692307692,0,0,0,1211.11111111111,0,0,0,0,0,0,0,0,0,0,0,0,0,0,0,0,0,0,0,0
"U3qC",0,0,0,0,0,0,0,0,0,0,0,4580.38624019312,1526.79541339771,0,0,0,0,0,0,0,0,1526.79541339771,0,0,0,1526.79541339771,1526.79541339771,1526.79541339771,0,0,0,0,0,0,0,0,0,0,0,0,0,0,0,0,0,0,0,0,0,6107.18165359083,0,0,0,0,0,0,0,0,0,0,0,0,0,0,3053.59082679541,0,0,0,0,1526.79541339771,0,0,0,0,0,0,0,0,0,0,0,0,1526.79541339771,1526.79541339771,1526.79541339771,0,0,0,0,0,3053.59082679541,0,0,0,3053.59082679541,0,0,6107.18165359083,0,0,0,0,1526.79541339771,0,0,0,0,0,0,100,0,0,0,0,0,0,0,0,131.578947368421,0,0,0,137.5,0,131.578947368421,2105.26315789474,0,0,0,0,0,131.578947368421,137.5,0,0,0,0,0,687.5,0,0,0,137.5,0,0,0,0,0,0,0,0,0,1044.44444444444,0,0,0,0,0,0,0,0,0,0,0,0,0,0,0,0,0,0,0,0
"U3qD",0,0,2395.42868353934,0,0,0,0,0,0,0,0,0,0,0,0,0,0,0,0,0,0,0,0,0,0,0,0,2395.42868353934,0,0,0,0,0,0,0,0,0,0,0,0,0,0,0,0,4790.85736707867,0,0,0,0,64676.5744555621,0,0,0,0,2395.42868353934,2395.42868353934,0,0,0,2395.42868353934,0,2395.42868353934,0,0,0,0,0,0,0,0,0,7186.28605061801,0,0,0,7186.28605061801,0,0,0,0,0,0,0,7186.28605061801,0,0,0,0,0,0,0,2395.42868353934,0,0,0,26349.7155189327,0,2395.42868353934,0,0,0,0,0,0,0,0,0,0,0,100,0,0,0,0,0,0,0,0,100,0,0,0,526.315789473684,100,0,1500,100,0,105.263157894737,0,0,0,842.105263157895,315.789473684211,0,0,0,0,210.526315789474,0,1500,0,0,0,0,0,100,0,0,0,0,0,0,11.1111111111111,0,11.1111111111111,0,0,0,0,0,0,0,0,0,0,22.2222222222222,22.2222222222222,0,0,0,0,0
"U4qA",2815.61170878159,0,2815.61170878159,0,2815.61170878159,0,0,0,0,0,0,0,0,5631.22341756317,0,0,0,0,5631.22341756317,0,0,2815.61170878159,0,8446.83512634476,0,0,0,0,0,5631.22341756317,0,0,5631.22341756317,42234.1756317238,0,0,0,0,0,0,0,0,0,0,2815.61170878159,0,0,0,0,19709.2819614711,11262.4468351263,0,0,0,0,0,0,0,0,2815.61170878159,0,0,8446.83512634476,0,0,0,0,0,0,0,0,0,0,0,0,0,0,0,0,25340.5053790343,0,0,0,14078.0585439079,0,0,0,2815.61170878159,0,0,0,2815.61170878159,0,0,25340.5053790343,0,0,2815.61170878159,0,0,0,0,30971.7287965974,0,2815.61170878159,0,0,0,0,0,118.303571428571,0,0,0,0,236.607142857143,354.910714285714,236.363636363636,236.363636363636,0,473.214285714286,0,0,1063.63636363636,354.545454545455,2836.36363636364,472.727272727273,0,118.303571428571,0,0,0,8872.76785714286,6625,0,0,0,0,3430.80357142857,0,100,0,828.125,946.428571428571,0,0,0,0,4377.23214285714,0,118.303571428571,0,0,0,0,0,0,0,0,0,0,66.6666666666667,0,0,0,88.8888888888889,44.4444444444444,0,0,0,0,66.6666666666667,66.6666666666667
"U4qB",0,0,0,0,0,0,0,0,0,0,1216.35565312843,0,0,0,0,0,0,0,0,0,0,0,0,0,0,4865.42261251372,0,0,0,0,0,0,0,0,0,0,0,0,0,0,0,0,0,0,0,0,0,0,0,0,1216.35565312843,0,0,0,0,0,0,0,0,0,0,1216.35565312843,0,0,0,0,0,0,0,0,0,0,0,0,0,1216.35565312843,0,0,0,1216.35565312843,0,0,0,0,2432.71130625686,0,0,0,0,0,0,0,0,0,0,0,0,0,0,0,0,0,0,0,0,0,0,0,0,0,411.764705882353,0,0,0,0,0,0,0,832,0,0,0,5970.58823529412,0,624,1040,0,0,0,0,0,0,3500,205.882352941176,0,0,0,0,3602.94117647059,0,100,0,102.941176470588,0,0,0,104,0,205.882352941176,0,0,0,0,0,0,11.1111111111111,0,0,0,0,0,0,0,0,0,0,0,0,0,0,77.7777777777778,0,0
"U4qC",0,0,0,0,7387.80538065255,0,0,0,0,7387.80538065255,14775.6107613051,0,0,7387.80538065255,0,0,0,0,29551.2215226102,0,7387.80538065255,0,0,7387.80538065255,0,14775.6107613051,0,0,0,0,0,0,0,14775.6107613051,14775.6107613051,7387.80538065255,0,0,0,0,0,0,0,0,0,0,7387.80538065255,0,0,51714.6376645678,7387.80538065255,0,0,0,0,0,7387.80538065255,0,0,0,206858.550658271,0,0,0,0,0,0,0,0,0,0,7387.80538065255,0,0,0,0,0,0,0,0,0,0,14775.6107613051,221634.161419576,0,0,0,0,0,0,0,14775.6107613051,0,0,22163.4161419576,0,0,7387.80538065255,14775.6107613051,0,0,0,14775.6107613051,0,0,0,7387.80538065255,0,0,0,0,0,0,0,0,0,0,0,100,0,350,116.666666666667,116.666666666667,13500,1200,5000,200,100,0,0,0,100,0,350,0,0,0,0,933.333333333333,0,100,0,0,0,0,233.333333333333,0,0,700,0,0,0,0,0,0,0,0,0,0,0,0,77.7777777777778,0,0,0,0,11.1111111111111,0,0,0,0,0,0
"U4qD",0,0,0,0,0,0,0,0,0,0,0,0,0,0,0,0,0,0,0,0,0,0,0,0,0,6900.00461446172,0,0,0,0,0,0,6900.00461446172,0,0,0,0,0,0,0,0,0,0,0,0,0,0,0,0,69000.0461446172,3450.00230723086,0,0,0,0,0,0,0,0,0,6900.00461446172,13800.0092289234,3450.00230723086,0,0,0,0,0,0,0,0,13800.0092289234,0,0,0,0,0,0,3450.00230723086,131100.087674773,0,0,0,0,0,0,0,0,3450.00230723086,0,0,0,0,0,0,0,6900.00461446172,0,0,0,0,0,0,0,0,0,0,0,0,0,0,0,0,0,0,0,106.122448979592,0,521.186440677966,0,0,0,2865.30612244898,1146.61016949153,208.474576271186,8651.69491525424,0,0,318.367346938775,0,0,1772.03389830508,318.367346938775,1379.59183673469,0,0,0,0,0,0,400,0,0,0,0,0,0,0,212.244897959184,0,0,0,11.1111111111111,0,11.1111111111111,0,0,0,0,0,0,0,0,0,0,0,0,0,11.1111111111111,144.444444444444,33.3333333333333,11.1111111111111,0
"U5qA",0,0,0,0,0,0,0,0,0,0,3024.71769134254,0,0,0,0,0,0,0,0,0,0,4537.0765370138,0,0,0,0,0,0,0,0,0,0,0,0,0,0,0,0,0,0,0,0,0,0,0,0,0,0,0,4537.0765370138,0,0,0,0,0,0,4537.0765370138,0,0,0,0,0,0,0,0,0,0,0,0,0,0,0,0,0,0,0,0,0,0,0,0,0,1512.35884567127,0,3024.71769134254,0,0,0,0,0,0,0,0,0,0,1512.35884567127,0,3024.71769134254,3024.71769134254,0,0,0,0,0,0,0,0,0,0,100,0,0,0,0,0,0,0,0,0,0,100,0,0,100,0,1000,200,0,0,0,0,0,800,0,0,0,0,0,600,0,0,0,100,100,0,0,0,0,200,0,0,100,0,0,11.1111111111111,0,0,0,0,0,11.1111111111111,0,11.1111111111111,0,0,11.1111111111111,44.4444444444444,0,0,0,22.2222222222222,0,0
"U5qB",0,0,5068.98294377764,0,0,0,0,0,0,0,2534.49147188882,0,0,0,0,0,0,0,0,0,0,10137.9658875553,0,10137.9658875553,0,0,2534.49147188882,5068.98294377764,0,2534.49147188882,0,0,5068.98294377764,0,0,0,0,0,5068.98294377764,0,0,0,0,2534.49147188882,0,0,0,0,0,7603.47441566646,0,0,2534.49147188882,0,0,0,0,0,0,0,10137.9658875553,0,0,0,0,0,0,0,0,0,0,0,0,0,0,0,7603.47441566646,0,0,10137.9658875553,0,0,12672.4573594441,10137.9658875553,0,0,0,5068.98294377764,0,0,0,7603.47441566646,0,0,0,0,0,5068.98294377764,0,0,0,0,15206.9488313329,7603.47441566646,0,0,0,0,0,200,0,103.603603603604,0,0,0,0,0,0,0,0,121.052631578947,0,0,0,2072.07207207207,9324.32432432432,0,0,726.315789473684,0,0,0,0,605.263157894737,0,0,0,0,121.052631578947,0,0,0,363.157894736842,363.157894736842,0,0,0,0,0,0,0,0,0,0,0,0,0,0,0,11.1111111111111,0,0,0,0,0,0,0,0,0,0,11.1111111111111,0,0
"U5qC",0,0,0,0,0,0,0,0,0,0,0,0,0,0,0,0,0,0,0,0,1514.84422724496,0,0,0,0,0,0,0,0,0,0,0,1514.84422724496,0,0,0,0,0,0,0,0,0,0,1514.84422724496,1514.84422724496,0,0,0,0,9089.06536346976,0,0,0,0,0,0,0,0,0,0,0,0,0,0,0,0,0,0,0,0,0,0,0,0,0,0,0,0,0,9089.06536346976,0,0,3029.68845448992,0,0,0,0,0,1514.84422724496,1514.84422724496,0,0,0,0,0,9089.06536346976,0,0,0,0,0,0,0,0,0,0,0,0,0,100,0,0,0,0,0,0,0,0,0,0,0,0,0,0,114.285714285714,1142.85714285714,114.285714285714,0,0,0,0,114.285714285714,433.333333333333,216.666666666667,0,108.333333333333,0,0,216.666666666667,0,400,0,0,216.666666666667,0,0,0,108.333333333333,0,114.285714285714,0,0,0,22.2222222222222,88.8888888888889,0,0,0,0,0,0,22.2222222222222,0,0,0,66.6666666666667,100,0,0,0,22.2222222222222,0,0
"U5qD",0,0,6667.17511787575,0,20001.5253536273,0,0,0,0,0,0,3333.58755893788,0,0,0,0,0,0,6667.17511787575,16667.9377946894,0,3333.58755893788,0,0,0,0,0,3333.58755893788,0,3333.58755893788,0,0,20001.5253536273,3333.58755893788,20001.5253536273,13334.3502357515,0,0,0,0,0,0,0,0,13334.3502357515,0,0,0,0,3333.58755893788,0,0,0,0,0,0,0,0,0,0,0,13334.3502357515,0,0,0,0,0,0,0,0,0,3333.58755893788,0,0,0,0,6667.17511787575,0,0,3333.58755893788,0,0,0,26668.700471503,0,0,0,6667.17511787575,0,0,0,0,0,0,0,0,0,6667.17511787575,0,0,0,0,26668.700471503,0,3333.58755893788,0,0,0,0,0,0,0,0,0,0,0,0,0,0,0,0,106.666666666667,0,0,600,3700,700,0,0,0,0,0,320,0,0,0,0,0,320,0,200,0,0,746.666666666667,0,0,0,0,0,0,0,106.666666666667,0,0,0,0,0,0,0,44.4444444444444,0,0,0,0,0,0,22.2222222222222,0,0,0,0,0,22.2222222222222
"U6qA",0,0,4321.75110132158,0,0,0,0,0,0,18727.5881057269,1440.58370044053,0,0,0,0,0,0,0,1440.58370044053,0,0,1440.58370044053,0,0,0,0,2881.16740088106,1440.58370044053,0,0,0,0,0,0,1440.58370044053,2881.16740088106,0,0,0,0,0,0,0,0,0,0,1440.58370044053,0,0,11524.6696035242,0,0,0,0,0,0,0,0,0,0,1440.58370044053,0,0,0,0,0,1440.58370044053,0,0,0,0,0,0,0,0,0,0,0,0,0,0,0,2881.16740088106,4321.75110132158,0,0,1440.58370044053,0,1440.58370044053,0,0,1440.58370044053,0,0,0,0,0,1440.58370044053,0,0,0,0,2881.16740088106,0,0,0,0,0,0,100,0,0,0,0,0,0,661.224489795918,0,254.838709677419,0,0,0,2314.28571428571,382.258064516129,1274.1935483871,5351.61290322581,254.838709677419,127.41935483871,330.612244897959,0,0,254.838709677419,991.836734693878,771.428571428571,0,0,0,0,330.612244897959,0,0,0,0,0,0,0,0,0,0,0,0,0,22.2222222222222,22.2222222222222,0,44.4444444444444,0,0,0,0,0,11.1111111111111,0,0,0,0,0,0,0,0,0,11.1111111111111,0
"U6qB",0,0,0,0,0,0,0,0,0,0,12284.2641203622,0,0,0,0,0,0,0,36852.7923610866,0,0,0,0,0,0,0,0,0,0,12284.2641203622,0,0,12284.2641203622,0,12284.2641203622,0,0,0,0,0,0,0,0,0,0,0,0,0,0,307106.603009055,12284.2641203622,0,0,98274.1129628977,0,0,0,0,0,0,0,12284.2641203622,0,0,0,0,0,110558.37708326,0,0,0,0,0,0,0,0,12284.2641203622,0,0,159695.433564709,0,0,12284.2641203622,73705.5847221733,0,0,0,0,0,0,0,0,0,0,331675.13124978,0,0,12284.2641203622,0,0,0,0,12284.2641203622,0,0,0,0,0,0,0,0,0,0,0,0,0,124.137931034483,0,755.367231638418,0,0,0,0,4963.8418079096,3021.46892655367,7553.67231638418,2158.19209039548,0,124.137931034483,0,0,0,0,993.103448275862,0,0,0,0,248.275862068965,0,0,0,124.137931034483,1862.06896551724,0,0,0,124.137931034483,0,647.457627118644,0,0,0,0,0,0,0,0,0,0,0,33.3333333333333,0,0,0,0,11.1111111111111,0,0,100,11.1111111111111,0,0
"U6qC",0,0,0,0,8604.8766691582,0,0,0,0,0,4302.4383345791,0,0,0,0,0,0,0,12907.3150037373,0,0,0,0,0,0,4302.4383345791,0,0,0,8604.8766691582,0,0,0,12907.3150037373,4302.4383345791,0,0,0,0,4302.4383345791,0,0,0,0,4302.4383345791,0,4302.4383345791,0,0,12907.3150037373,25814.6300074746,0,0,0,0,0,0,0,0,0,0,0,73141.4516878447,0,0,0,0,0,0,0,0,0,0,0,0,0,17209.7533383164,0,0,17209.7533383164,0,0,0,25814.6300074746,0,0,0,4302.4383345791,0,0,0,0,0,0,0,0,0,0,0,0,0,0,4302.4383345791,0,0,0,0,0,0,100,0,0,0,0,0,0,400,0,1178.57142857143,0,0,400,0,107.142857142857,321.428571428571,2250,0,0,400,0,0,0,100,200,0,0,100,0,700,0,100,0,100,200,0,0,107.142857142857,0,0,535.714285714286,0,0,0,0,0,0,0,0,0,0,0,0,0,0,0,122.222222222222,100,0,0,44.4444444444444,0,0,0
"U6qD",0,0,3533.10977489979,0,0,0,0,0,0,0,3533.10977489979,7066.21954979957,0,0,10599.3293246994,0,0,0,10599.3293246994,0,0,0,0,0,0,0,10599.3293246994,7066.21954979957,0,0,0,0,0,0,0,7066.21954979957,0,0,0,0,3533.10977489979,0,0,0,0,3533.10977489979,0,0,0,35331.0977489979,0,0,0,0,0,0,0,0,0,7066.21954979957,0,0,0,0,0,0,3533.10977489979,0,0,0,0,14132.4390995991,0,0,0,0,0,0,0,0,0,0,0,17665.5488744989,0,0,0,3533.10977489979,0,14132.4390995991,0,0,0,0,0,0,3533.10977489979,0,0,0,0,0,0,0,0,0,0,0,0,300,0,0,0,0,0,0,2205,0,923.076923076923,0,0,0,945,2076.92307692308,807.692307692308,1384.61538461538,346.153846153846,0,315,0,0,461.538461538462,420,3045,0,0,0,0,420,0,0,0,0,210,0,210,0,0,630,0,0,0,644.444444444445,0,0,0,0,0,0,0,0,11.1111111111111,0,0,0,0,0,0,0,0,0,0,0
"U7qA",0,0,0,0,1339.12764592688,0,0,0,0,0,0,0,0,0,0,0,0,0,0,0,0,0,0,0,0,2678.25529185375,0,0,0,0,0,0,0,0,0,0,0,0,0,0,0,0,0,0,0,0,0,0,0,1339.12764592688,0,0,0,0,0,0,0,0,0,0,0,1339.12764592688,0,0,0,0,2678.25529185375,0,0,0,0,1339.12764592688,0,0,0,0,0,0,0,0,0,0,0,0,4017.38293778063,0,0,0,0,5356.5105837075,0,0,0,0,0,0,0,0,1339.12764592688,0,0,0,0,0,0,0,1339.12764592688,0,0,0,0,0,0,0,0,0,0,0,283.333333333333,0,0,0,6180,0,141.666666666667,425,0,0,216.842105263158,0,0,566.666666666667,2060,650.526315789474,0,108.421052631579,0,0,216.842105263158,0,300,0,216.842105263158,216.842105263158,0,325.263157894737,0,0,108.421052631579,283.333333333333,0,0,0,0,0,0,0,0,0,0,0,11.1111111111111,0,0,0,22.2222222222222,77.7777777777778,0,0,322.222222222222,88.8888888888889,0,0
"U7qB",0,0,2957.8293730745,0,2957.8293730745,0,0,0,0,0,14789.1468653725,0,0,0,0,0,0,0,8873.48811922351,0,0,2957.8293730745,0,5915.65874614901,0,8873.48811922351,0,0,0,0,0,0,8873.48811922351,2957.8293730745,8873.48811922351,2957.8293730745,0,0,0,0,0,0,0,0,0,0,0,0,0,11831.317492298,0,0,0,0,0,0,0,0,0,0,0,2957.8293730745,2957.8293730745,2957.8293730745,0,0,0,0,0,0,0,5915.65874614901,0,0,0,0,0,0,0,2957.8293730745,0,0,11831.317492298,0,2957.8293730745,0,0,0,0,53240.9287153411,0,0,0,0,0,0,2957.8293730745,5915.65874614901,2957.8293730745,0,0,0,0,0,2957.8293730745,0,0,0,0,0,0,0,0,0,0,0,157.142857142857,100,100,0,0,157.142857142857,942.857142857143,100,400,1300,0,0,0,0,100,300,314.285714285714,942.857142857143,0,0,0,0,157.142857142857,0,100,157.142857142857,0,157.142857142857,0,157.142857142857,0,0,157.142857142857,1000,0,0,0,0,22.2222222222222,0,0,0,0,0,0,0,0,0,0,0,0,0,0,22.2222222222222,33.3333333333333,11.1111111111111,0
"U7qC",0,0,0,0,0,0,0,0,0,6666.96428571429,6666.96428571429,0,0,0,0,0,0,0,13333.9285714286,0,0,0,0,0,20000.8928571429,13333.9285714286,0,0,0,0,0,0,6666.96428571429,0,0,0,0,6666.96428571429,0,0,0,0,0,0,0,6666.96428571429,6666.96428571429,0,0,40001.7857142857,0,0,0,0,0,0,0,20000.8928571429,0,0,280012.5,0,13333.9285714286,0,0,0,0,0,0,0,0,0,0,0,0,0,6666.96428571429,0,0,106671.428571429,0,0,6666.96428571429,0,0,0,0,0,0,0,0,0,0,0,0,0,0,0,0,0,0,0,0,0,0,0,0,0,0,100,0,0,0,0,0,0,0,0,0,0,0,0,0,0,175,175,0,0,0,0,0,175,1418.18181818182,1527.27272727273,0,0,100,0,327.272727272727,0,700,0,0,327.272727272727,0,0,0,0,0,1575,0,0,0,0,0,0,0,0,0,0,0,0,0,0,0,55.5555555555556,122.222222222222,0,0,0,44.4444444444444,55.5555555555556,0
"U7qD",0,0,0,0,0,0,4697.68008729787,0,0,0,0,0,0,9395.36017459575,0,0,0,0,0,0,0,4697.68008729787,0,0,0,14093.0402618936,0,4697.68008729787,0,9395.36017459575,0,0,32883.7606110851,18790.7203491915,0,9395.36017459575,0,0,0,0,0,0,0,0,18790.7203491915,0,0,0,0,0,0,0,0,0,0,0,0,0,0,0,9395.36017459575,4697.68008729787,4697.68008729787,0,0,0,0,0,0,0,0,0,0,4697.68008729787,0,0,28186.0805237872,0,0,23488.4004364894,0,0,0,4697.68008729787,0,0,4697.68008729787,4697.68008729787,0,0,0,0,0,0,56372.1610475745,4697.68008729787,0,23488.4004364894,0,0,0,0,89255.9216586596,0,9395.36017459575,0,4697.68008729787,0,0,500,0,0,0,0,0,146.153846153846,0,0,0,0,0,146.153846153846,0,0,0,1900,0,0,292.307692307692,0,200,100,292.307692307692,1169.23076923077,0,0,300,0,438.461538461539,0,300,0,0,292.307692307692,0,0,600,0,0,2300,0,1023.07692307692,0,0,0,0,0,0,0,0,0,0,0,0,0,88.8888888888889,55.5555555555556,0,0,0,44.4444444444444,33.3333333333333,0
"U8qA",0,0,1337.0996978852,0,0,0,0,0,0,1337.0996978852,0,0,0,0,0,0,0,0,2674.19939577039,1337.0996978852,0,1337.0996978852,0,0,0,0,1337.0996978852,0,0,0,0,0,2674.19939577039,0,0,0,0,0,0,0,0,0,0,0,0,0,0,0,0,4011.29909365559,1337.0996978852,0,0,0,0,0,0,0,0,0,2674.19939577039,0,0,0,0,0,0,0,0,0,0,0,0,0,0,0,5348.39879154078,0,0,5348.39879154078,1337.0996978852,0,2674.19939577039,5348.39879154078,0,0,0,0,0,1337.0996978852,0,1337.0996978852,0,0,0,0,0,0,0,0,0,0,2674.19939577039,0,0,0,0,0,0,0,0,0,0,0,0,0,0,0,237.5,0,0,0,0,118.75,0,712.5,831.25,0,337.5,225,0,0,0,112.5,0,0,0,225,675,0,0,0,0,225,0,0,0,0,0,0,0,0,0,0,0,0,77.7777777777778,0,0,0,0,11.1111111111111,0,0,0,88.8888888888889,66.6666666666667,33.3333333333333,0,0,0,0,0
"U8qB",0,0,0,0,3086.59397049391,0,1543.29698524695,0,0,0,0,0,0,0,0,0,0,0,0,0,0,0,0,0,0,0,0,1543.29698524695,0,1543.29698524695,0,0,1543.29698524695,0,3086.59397049391,0,0,0,0,0,1543.29698524695,0,0,0,3086.59397049391,0,0,0,0,3086.59397049391,0,0,0,0,0,0,0,0,0,0,0,4629.89095574086,1543.29698524695,0,0,0,1543.29698524695,0,0,0,0,7716.48492623476,0,0,0,0,0,0,0,0,0,0,0,0,10803.0788967287,0,0,0,0,4629.89095574086,1543.29698524695,0,0,0,0,0,0,3086.59397049391,0,0,0,0,0,0,0,0,0,0,0,0,0,0,0,3426.92307692308,0,0,155.769230769231,0,0,0,0,0,1090.38461538462,0,719.444444444444,1644.44444444444,205.555555555556,0,311.538461538462,0,0,513.888888888889,311.538461538462,311.538461538462,0,0,100,0,1090.38461538462,155.769230769231,100,0,311.538461538462,311.538461538462,0,623.076923076923,0,0,0,616.666666666667,0,0,0,0,0,0,0,255.555555555556,0,0,0,0,0,0,0,0,0,0,0,11.1111111111111,0,0,0
"U8qC",0,0,3704.23213078239,0,0,0,3704.23213078239,0,0,0,0,3704.23213078239,0,0,0,0,0,0,0,22225.3927846943,0,0,0,3704.23213078239,0,0,0,0,0,0,0,0,7408.46426156477,7408.46426156477,7408.46426156477,3704.23213078239,0,0,0,0,0,0,0,0,11112.6963923472,0,0,0,0,0,0,0,0,0,0,0,0,0,0,0,0,0,0,0,0,0,0,0,0,0,0,0,0,0,0,0,3704.23213078239,0,0,0,0,0,0,103718.499661907,3704.23213078239,0,0,7408.46426156477,0,0,18521.1606539119,0,0,0,0,0,0,3704.23213078239,3704.23213078239,0,0,0,11112.6963923472,0,0,0,0,0,0,0,0,0,0,0,0,0,0,0,0,0,0,175,0,0,368.571428571429,2948.57142857143,245.714285714286,0,350,0,122.857142857143,0,350,0,0,0,0,0,700,0,300,0,0,1050,0,0,0,175,0,614.285714285714,0,0,0,0,0,0,11.1111111111111,0,0,44.4444444444444,0,0,0,0,0,166.666666666667,44.4444444444444,22.2222222222222,0,0,11.1111111111111,0,0
"U8qD",0,0,0,0,0,0,0,0,2894.83173076923,0,0,2894.83173076923,0,0,0,0,0,0,0,0,0,1447.41586538462,0,0,0,1447.41586538462,0,0,0,0,0,1447.41586538462,1447.41586538462,0,1447.41586538462,0,0,0,0,0,0,0,0,0,1447.41586538462,0,0,0,0,17368.9903846154,0,0,0,0,0,0,0,0,0,0,0,5789.66346153846,0,1447.41586538462,0,0,0,0,0,0,0,0,0,0,0,0,0,0,0,0,0,0,0,0,0,0,0,1447.41586538462,0,0,0,0,0,0,0,0,0,0,0,0,0,0,1447.41586538462,0,0,0,0,0,0,0,0,0,0,403.846153846154,0,134.615384615385,134.615384615385,0,0,0,0,0,269.230769230769,0,460.606060606061,2533.33333333333,0,0,673.076923076923,0,0,575.757575757576,1750,673.076923076923,0,0,100,0,538.461538461539,0,2400,0,269.230769230769,807.692307692308,0,1076.92307692308,0,0,269.230769230769,230.30303030303,0,0,0,0,88.8888888888889,22.2222222222222,0,0,11.1111111111111,88.8888888888889,0,0,0,0,0,0,22.2222222222222,22.2222222222222,0,0,33.3333333333333,11.1111111111111,0
"U9qA",0,0,4498.5194324491,0,5998.02590993214,0,0,0,0,2999.01295496607,13495.5582973473,0,1499.50647748303,0,0,0,0,0,1499.50647748303,4498.5194324491,0,5998.02590993214,0,0,0,1499.50647748303,0,2999.01295496607,0,0,0,0,11996.0518198643,4498.5194324491,5998.02590993214,0,0,0,0,0,0,0,0,1499.50647748303,17994.0777297964,0,0,0,0,0,0,0,1499.50647748303,0,0,0,0,0,0,0,0,0,0,0,1499.50647748303,0,0,8997.03886489821,0,0,0,0,0,0,0,0,8997.03886489821,0,0,8997.03886489821,0,0,1499.50647748303,16494.5712523134,0,0,0,0,0,0,4498.5194324491,8997.03886489821,0,0,0,0,0,0,1499.50647748303,0,1499.50647748303,0,2999.01295496607,4498.5194324491,0,0,0,0,0,0,0,0,0,0,0,0,0,0,115.384615384615,0,0,0,0,0,230.769230769231,1384.61538461538,461.538461538462,0,354.545454545455,0,0,0,118.181818181818,118.181818181818,0,0,0,118.181818181818,0,0,0,118.181818181818,0,354.545454545455,0,0,0,0,118.181818181818,807.692307692308,0,0,111.111111111111,0,0,0,0,0,0,0,0,0,0,0,0,133.333333333333,144.444444444444,0,0,0,0,11.1111111111111,0
"U9qB",3021.88766647365,0,3021.88766647365,0,0,0,0,0,0,0,6043.77533294731,0,0,3021.88766647365,0,0,0,0,0,0,0,0,0,18131.3259988419,0,0,0,0,0,6043.77533294731,0,0,0,3021.88766647365,0,3021.88766647365,0,0,0,0,0,0,0,3021.88766647365,0,0,0,0,0,27196.9889982629,0,0,0,0,0,0,0,0,0,0,0,0,0,0,0,0,0,0,0,0,0,0,0,0,0,3021.88766647365,0,0,0,33240.7643312102,0,0,0,15109.4383323683,3021.88766647365,0,0,0,0,0,0,0,6043.77533294731,0,15109.4383323683,3021.88766647365,0,6043.77533294731,0,0,0,0,0,0,0,0,0,0,0,100,0,0,0,0,0,0,211.25,0,568.548387096774,0,0,105.625,0,568.548387096774,341.129032258065,22741.935483871,909.677419354839,0,105.625,0,0,2956.45161290323,13097.5,0,0,105.625,0,0,211.25,0,700,0,0,316.875,316.875,1901.25,113.709677419355,422.5,105.625,0,0,0,0,66.6666666666667,11.1111111111111,11.1111111111111,0,0,0,0,0,22.2222222222222,0,0,0,100,100,0,0,0,11.1111111111111,0,0
"U9qC",1263.2282202031,0,0,0,0,0,0,0,0,0,0,0,0,0,0,0,0,0,0,0,0,1263.2282202031,0,1263.2282202031,0,0,0,2526.4564404062,0,0,0,0,0,3789.6846606093,0,6316.1411010155,0,0,0,0,0,0,0,0,0,0,0,0,0,7579.3693212186,1263.2282202031,0,0,0,0,0,0,0,0,0,0,0,0,0,0,0,0,0,0,0,0,1263.2282202031,0,0,0,0,0,0,0,1263.2282202031,0,0,0,0,0,0,0,0,0,0,0,3789.6846606093,0,0,0,3789.6846606093,0,6316.1411010155,0,0,0,0,0,0,0,0,0,0,0,500,0,0,0,123.446327683616,0,123.446327683616,0,0,100,0,0,617.231638418079,0,600,600,27600,500,0,864.124293785311,0,0,1300,9999.15254237288,2098.58757062147,0,123.446327683616,600,0,2592.37288135593,0,200,0,123.446327683616,246.892655367232,246.892655367232,26417.5141242938,0,0,123.446327683616,300,0,0,0,33.3333333333333,0,0,0,0,0,0,0,0,0,0,0,44.4444444444444,22.2222222222222,0,0,0,22.2222222222222,0,0
"U9qD",0,0,9179.38308657754,0,18358.7661731551,0,4589.69154328877,0,0,0,0,0,0,0,0,0,0,0,9179.38308657754,9179.38308657754,0,4589.69154328877,0,4589.69154328877,0,0,0,0,0,4589.69154328877,0,0,41307.2238895989,22948.4577164439,41307.2238895989,18358.7661731551,0,0,0,0,0,0,0,0,45896.9154328877,0,0,0,0,4589.69154328877,0,0,0,0,0,0,0,0,0,0,0,4589.69154328877,0,0,0,4589.69154328877,0,9179.38308657754,0,0,0,9179.38308657754,0,0,0,0,9179.38308657754,0,0,0,0,0,0,22948.4577164439,0,0,0,0,0,0,4589.69154328877,0,0,0,0,0,0,0,41307.2238895989,0,0,0,36717.5323463102,0,0,0,0,0,0,600,0,0,0,0,0,0,0,0,0,0,0,0,0,0,1275,1912.5,0,0,426.666666666667,0,212.5,0,106.666666666667,106.666666666667,0,0,300,0,320,0,200,0,0,533.333333333333,0,0,0,0,106.666666666667,0,0,0,155.555555555556,0,0,0,0,0,0,0,0,0,0,0,0,0,0,0,0,0,0,0,0
